Locality,Latitude,Longitude,Unit,Plane Type,strike,dip,altitude (m)
5-15-18-1,31.89838889,104.7221,D,Bedding,235,46,
5-15-18-1,31.89838889,104.7221,D,Bedding,253,35,
5-15-18-1,31.89838889,104.7221,D,Fault,252,48,
5-15-18-2,32.34885278,104.6845056,S,Foliation,220,73,
5-15-18-3,32.45911667,104.777675,S,Foliation,,,
5-16-18-1A,32.48743056,104.2478389,S,Bedding,125,60,
5-16-18-1A,32.48743056,104.2478389,S,Bedding,110,70,
5-16-18-1A,32.48743056,104.2478389,S,Foliation,123,55,
5-16-18-1B,32.48822222,104.249,S,Foliation,52,58,
5-16-18-2,32.51463056,104.1368333,C,Bedding,5,72,
5-16-18-2,32.51463056,104.1368333,C,Bedding,335,90,
5-16-18-2,32.51463056,104.1368333,C,Bedding,180,60,
5-16-18-2,32.51463056,104.1368333,C,Bedding,0,60,
5-16-18-3,32.40803611,104.1817417,C,Bedding,153,67,
5-16-18-3,32.40803611,104.1817417,C,Bedding,155,62,
5-17-18-1,32.148,104.503,S,Foliation,,,
5-17-18-2B,32.14354167,104.5107278,S,Cleavage,240,73,
5-17-18-2B,32.14354167,104.5107278,C,Cleavage,240,65,
5-17-18-2C,32.14236667,104.5074083,C,Foliation,205,71,
5-17-18-2C,32.14236667,104.5074083,C,Cleavage,262,80,
5-17-18-2C,32.14236667,104.5074083,C,Foliation,270,90,
5-17-18-2C,32.14236667,104.5074083,C,Fault,325,82,
5-17-18-3,32.023,104.526,S,Foliation,105,61,
5-17-18-4,32.03859722,104.5511472,S,Foliation,230,53,
5-17-18-5,32.03767778,104.5544194,S,Foliation,70,34,
5-17-18-6,32.03856389,104.5634222,S,Foliation,230,28,
5-17-18-7,32.03881667,104.5626917,S,Foliation,260,33,
5-17-18-8,32.03798333,104.5629778,S,Foliation,245,40,
5-17-18-9,32.038,104.563,S,Foliation,,,
5-17-18-10,32.03761944,104.5630194,S,Foliation,102,54,
5-18-18-1,32.71722778,104.0361111,P,Bedding,none,,
5-18-18-3,32.75219444,103.9586111,P,Bedding,none,,
5-18-18-4,32.76041667,103.8462444,S,Foliation,105,90,
5-18-18-6,32.74062778,103.7406194,Tr,Bedding,,,
5-18-18-7,32.79933889,103.6892806,C,Bedding,100,65,
5-18-18-8,32.78426111,103.7066667,P,Bedding,345,68,
5-18-18-8,32.78426111,103.7066667,P,Bedding,350,80,
5-19-18-1A,32.39881944,104.6588611,S,Foliation,267,68,
5-19-18-1A,32.39881944,104.6588611,S,Foliation,315,78,
5-19-18-1B,32.39773889,104.6575194,S,Fault,none,,
5-19-18-2,31.83671111,104.4615111,D,Bedding,200,77,
5-19-18-2,31.83671111,104.4615111,D,Bedding,188,66,
5-19-18-3,31.72299167,104.3938917,Tr,Bedding,240,64,
5-19-18-4,31.72596667,104.3958694,Tr,Bedding,240,63,
5-19-18-5,31.73125,104.4009056,Tr,Bedding,none,,
5-19-18-6,31.73792778,104.4060944,Tr,Bedding,190,30,
5-20-18-1A,31.60925556,104.3147417,Tr,Bedding,245,56,
5-20-18-1B,31.60578056,104.3141056,P,Bedding,260,68,
5-20-18-1B,31.60578056,104.3141056,P,Fault,150,38,
5-20-18-1C,31.606025,104.3138028,P,Bedding,240,54,
5-20-18-2,31.607175,104.3128472,Tr,Bedding,244,70,
5-20-18-3,31.61235556,104.312225,Tr,Bedding,230,35,
5-20-18-4A,31.61556667,104.3104139,Tr,Bedding,243,66,
5-20-18-4B,31.61570278,104.3094056,Tr,Bedding,222,54,
5-20-18-4C,31.61586944,104.3090611,Tr,Bedding,,,
5-20-18-5A,31.62488056,104.3159139,Tr,Bedding,245,42,
5-20-18-5B,31.62514167,104.3182722,Tr,Bedding,,,
5-20-18-5C,31.62519722,104.3184278,Tr,Fault,250,50,
5-20-18-6,31.62675,104.3128472,Tr,Fault,185,76,
5-20-18-7A,31.63099722,104.3088806,Tr,Bedding,,,
5-20-18-7B,31.63243056,104.30815,Tr,Bedding,225,39,
5-20-18-7D,31.63309167,104.3084056,Tr,Bedding,210,34,
5-20-18-8,31.63728056,104.3093417,Tr,Bedding,218,31,
5-20-18-10A,31.63947222,104.301075,Tr,Bedding,250,25,
5-20-18-10B,31.640125,104.3004111,Tr,Bedding,200,34,
5-20-18-11,31.64407222,104.2970028,D,Bedding,278,50,
5-20-18-12,31.64566389,104.2983,D,Bedding,215,18,
5-20-18-13,31.64851944,104.3018583,D,Bedding,240,25,
5-20-18-14,31.64988333,104.3035083,P,Bedding,,,
5-20-18-15,31.65805556,104.3108139,P,Bedding,235,24,
5-20-18-16,31.66084167,104.3140333,C,Bedding,225,42,
5-22-18-1A,31.601875,104.3170694,Tr,Bedding,252,38,
5-22-18-1C,31.60308056,104.3176667,P,Bedding,245,47,
5-22-18-2,31.64429167,104.2922861,Tr,Bedding,,,
5-22-18-3A,31.64575,104.2922861,D,Bedding,,,
5-22-18-3B,31.64742222,104.2905,,Bedding,235,52,
5-22-18-3B,31.64742222,104.2905,,Bedding,262,43,
5-22-18-3C,31.64742222,104.2890194,,Bedding,280,58,
5-22-18-3D,31.64776389,104.2882444,C,Bedding,235,52,
5-22-18-4,31.64736667,104.2876389,C,Bedding,,,
5-22-18-5,31.64591667,104.2834917,C,Bedding,250,43,
5-22-18-6A,31.64651111,104.2800528,C,Bedding,,,
5-22-18-6B,31.64678056,104.2798194,,Fault,230,41,
5-22-18-7,31.64721944,104.276625,P,Bedding,230,47,
5-22-18-8,31.641675,104.2645556,P,Bedding,260,42,
5-22-18-9,31.64452778,104.2616944,,Fault,240,71,
5-22-18-10,31.64869722,104.2650056,,Bedding,260,43,
5-22-18-11,31.65008611,104.2669806,P,Bedding,,,
5-22-18-12,31.65358333,104.2700611,Tr,Bedding,,,
5-22-18-13A,31.65383889,104.2682083,Tr,Fault,,,
5-22-18-13B,31.65504722,104.2679694,Tr,Bedding,248,24,
5-22-18-14,31.65783889,104.2681611,,Bedding,247,48,
5-22-18-15,31.66280278,104.2705833,P,Bedding,238,58,
5-22-18-16,31.66813333,104.2691583,,Bedding,218,57,
5-22-18-17,31.67625,104.2746056,,Bedding,,,
5-22-18-18,31.68029444,104.2732778,C,Bedding,254,59,
5-22-18-19,31.70279167,104.2765,S,Bedding,358,67,
5-22-18-20,31.70446111,104.2726694,,Bedding,223,56,
5-22-18-20,31.70446111,104.2726694,,Foliation,220,57,
5-22-18-21,31.70502222,104.2723389,,Foliation,86,84,
5-22-18-22,31.70766111,104.2704694,,Bedding,142,45,
5-22-18-23A,31.70808611,104.2698611,,Bedding,225,52,
5-22-18-23B,31.70808611,104.2698611,,Bedding,235,63,
5-22-18-24A,31.71115,104.2655389,,Foliation,345,51,
5-22-18-24B,31.71131389,104.2644333,,Foliation,305,60,
5-22-18-25,31.71260833,104.2616194,,Foliation,303,51,
5-22-18-26,31.72145556,104.2571611,,Foliation,303,,
5-22-18-27,31.72453889,104.2562278,,Foliation,315,51,
5-22-18-27,31.72453889,104.2562278,,Foliation,300,32,
5-22-18-28,31.72900556,104.2541167,,Foliation,305,63,
5-22-18-28,31.72900556,104.2541167,,Fault,308,63,
5-22-18-29A,31.7302,104.2520583,,Bedding,22,39,
5-22-18-29B,31.73041389,104.2516694,,Foliation,224,86,
5-22-18-29C,31.73065833,104.2515444,,Foliation,286,45,
5-22-18-30A,31.73158056,104.2526083,,Foliation,331,29,
5-22-18-30B,31.73117222,104.2533694,,Bedding,315,30,
5-22-18-31,31.73136389,104.2557528,,Foliation,350,42,
5-22-18-34,31.73751389,104.2583778,O,Bedding,302,43,
5-22-18-34,31.73751389,104.2583778,O,Foliation,308,51,
5-22-18-35,31.74058611,104.2576,O,Bedding,328,33,
5-23-18-1,32.16905833,104.79805,Z,Foliation,192,33,
5-24-18-1,32.48992778,104.2337306,Z,Foliation,85,84,
5-24-18-1,32.48992778,104.2337306,Z,Foliation,83,86,
5-24-18-1,32.48992778,104.2337306,Z,Fault,,,
5-24-18-1,32.48992778,104.2337306,Z,Bedding,73,90,
5-24-18-2,32.49146667,104.2384,Z,Foliation,72,73,
5-24-18-3A,32.49003056,104.2445611,Z,Foliation,70,70,
5-24-18-3B,32.48803056,104.2448222,Z,Foliation,83,83,
5-24-18-4B,32.48800833,104.2485,Z,Foliation,64,65,
5-24-18-4C,32.48788611,104.2504361,S,Foliation,70,70,
5-24-18-4C,32.48788611,104.2504361,S,Foliation,85,71,
5-24-18-5,32.49027778,104.2558083,,Bedding,72,79,
5-24-18-6,32.48901111,104.2579083,,Foliation,111,84,
5-24-18-6,32.48901111,104.2579083,,Foliation,62,74,
5-24-18-6,32.48901111,104.2579083,,Foliation,120,90,
5-24-18-8,32.48929167,104.2706111,S,Foliation,83,64,
5-24-18-9,32.48930556,104.2714861,S,Foliation,84,64,
5-24-18-9,32.48930556,104.2714861,S,Foliation,79,63,
5-24-18-10,32.49060556,104.2767944,S,Foliation,80,62,
5-24-18-11,32.49656389,104.2846417,Z,Foliation,270,78,
5-24-18-11,32.49656389,104.2846417,Z,Foliation,295,79,
5-24-18-12,32.49795278,104.2879667,Z,Foliation,69,69,
5-24-18-12,32.49795278,104.2879667,Z,Foliation,88,68,
5-24-18-12,32.49795278,104.2879667,Z,Foliation,98,75,
5-24-18-13,32.49592222,104.2958333,S,Foliation,76,65,
5-24-18-14,32.49656389,104.3029611,S,Foliation,88,50,
5-24-18-15,32.49570278,104.3078972,S,Foliation,79,55,
5-24-18-16,32.49670556,104.3170444,S,Foliation,283,50,
5-24-18-16,32.49670556,104.3170444,S,Foliation,302,78,
5-24-18-17,32.49859722,104.3239222,S,Foliation,88,66,
5-24-18-17,32.49859722,104.3239222,S,Foliation,82,52,
5-24-18-18,32.50091111,104.3308528,S,Foliation,67,42,
5-24-18-19,32.50013889,104.3330028,S,Foliation,84,53,
5-24-18-19,32.50013889,104.3330028,S,Foliation,92,43,
5-24-18-19,32.50013889,104.3330028,S,Foliation,82,46,
5-24-18-20,32.49984167,104.3535028,S,Foliation,90,54,
5-24-18-21,32.49833333,104.3628972,S,Foliation,90,47,
5-24-18-22,32.49466667,104.3686417,S,Foliation,93,51,
5-24-18-23,32.46946389,104.5145833,S,Foliation,113,47,
5-24-18-24,32.47096944,104.5104167,S,Foliation,112,53,
5-24-18-24,32.47096944,104.5104167,S,Foliation,103,50,
5-24-18-25,32.46510278,104.4950333,S,Foliation,112,57,
5-24-18-26A,32.46306667,104.480775,S,Bedding,127,60,
5-24-18-26B,32.46264444,104.4801944,S,Foliation,103,55,
5-24-18-26C,32.46163333,104.4797889,S,Foliation,110,60,
5-24-18-26C,32.46163333,104.4797889,S,Foliation,138,68,
5-24-18-26C,32.46163333,104.4797889,S,Foliation,78,66,
5-24-18-26C,32.46163333,104.4797889,S,Foliation,148,66,
5-24-18-26D,32.46108889,104.4798556,S,Foliation,103,55,
5-24-18-28,32.46033611,104.4644917,S,Foliation,107,70,
5-24-18-28,32.46033611,104.4644917,S,Bedding,123,52,
5-24-18-29,32.45855556,104.4529722,D,Foliation,108,60,
5-24-18-30A,32.4599,104.4517667,D,Bedding,100,62,
5-24-18-30B,32.45800278,104.4406778,D,Foliation,121,61,
5-24-18-31,32.46445278,104.4223611,D,Foliation,130,60,
5-24-18-32A,32.46546389,104.4220972,D,Foliation,,,
5-24-18-32B,32.47000278,104.4055528,D/S,Foliation,76,66,
5-24-18-33,32.47679444,104.3958417,S,Foliation,100,63,
5-24-18-34,32.48998333,104.3748722,S,Foliation,95,58,
5-24-18-35,32.499625,104.2275111,S,Foliation,82,48,
5-25-18-1,32.49808611,104.2202417,Z,Foliation,110,90,
5-25-18-2,32.4967166,104.2202417,Z,Foliation,97,90,
5-25-18-3,32.49288627,104.2188333,Z,Foliation,116,85,
5-25-18-4,32.49471651,104.2164055,Z,Foliation,88,90,
5-25-18-5,32.4970603,104.2080167,Z,Foliation,83,90,
5-25-18-6,32.49975834,104.2037583,Z,Foliation,91,90,
5-25-18-7,32.50190279,104.1939333,Z,Foliation,75,79,
5-25-18-8,32.50427779,104.1863722,Z,Foliation,83,70,
5-25-18-9,32.50554723,104.1854722,Z,Foliation,70,76,
5-25-18-10,32.51160834,104.1786972,Z,Foliation,75,80,
5-25-18-11A,32.51296945,104.1762444,Z,Foliation,83,79,
5-25-18-11B,32.51628611,104.1570278,Z,Foliation,82,74,
5-25-18-12,32.51293331,104.1440889,Z,Foliation,122,65,
5-25-18-12,32.51293331,104.1440889,Z,Foliation,135,65,
5-25-18-13,32.51385834,104.1368333,Z,Foliation,95,77,
5-25-18-14,32.51475004,104.1353333,C,Bedding,5,77,
5-25-18-14,32.51475004,104.1353333,C,Bedding,5,87,
5-25-18-14,32.51475004,104.1353333,C,Fault,20,90,
5-25-18-14,32.51475004,104.1353333,C,Fault,183,58,
5-25-18-15A,32.5157889,104.1346667,C,Bedding,187,70,
5-25-18-15A,32.5157889,104.1346667,C,Bedding,205,85,
5-25-18-15B,32.51390558,104.1326389,C,Bedding,162,61,
5-25-18-15C,32.51160557,104.1325195,C,Bedding,180,58,
5-25-18-16,32.51513892,104.1320833,C,Foliation,105,55,
5-25-18-16,32.51513892,104.1320833,C,Bedding,70,65,
5-25-18-16,32.51513892,104.1320833,C,Bedding,90,35,
5-25-18-16,32.51513892,104.1320833,C,Bedding,105,80,
5-25-18-17,32.51491667,104.1677917,C,Bedding,155,78,
5-26-18-2,32.51933611,104.1099361,C,Cleavage,170,65,
5-26-18-2,32.51933611,104.1099361,C,Cleavage,145,64,
5-26-18-2,32.51933611,104.1099361,C,Cleavage,121,66,
5-26-18-3,32.51880833,104.1070556,C,Cleavage,150,70,
5-26-18-3,32.51880833,104.1070556,C,Cleavage,160,68,
5-26-18-4A,32.51910556,104.1054361,C,Cleavage,150,85,
5-26-18-4A,32.51910556,104.1054361,C,Bedding,140,85,
5-26-18-4A,32.51910556,104.1054361,C,Bedding,130,72,
5-26-18-4A,32.51910556,104.1054361,C,Cleavage,153,84,
5-26-18-4B,32.51860556,104.0982861,D,Foliation,130,90,
5-26-18-4B,32.51860556,104.0982861,D,Bedding,130,83,
5-26-18-4B,32.51860556,104.0982861,D,Bedding,5,75,
5-26-18-4B,32.51860556,104.0982861,D,Cleavage,143,90,
5-26-18-5,32.51804444,104.0947611,D,Bedding,145,62,
5-26-18-5,32.51804444,104.0947611,D,Bedding,45,40,
5-26-18-5,32.51804444,104.0947611,D,Cleavage,15,78,
5-26-18-6A,32.51757778,104.0937194,C,Cleavage,325,78,
5-26-18-6A,32.51757778,104.0937194,C,Foliation,123,90,
5-26-18-6B,32.51666667,104.0897417,C,Overturned bedding,305,82,
5-26-18-6B,32.51666667,104.0897417,C,Bedding,325,55,
5-26-18-6B,32.51666667,104.0897417,C,Bedding,120,85,
5-26-18-7,32.52059444,104.075725,C,Bedding,200,54,
5-26-18-8,32.52059444,104.075725,C,Bedding,145,65,
5-26-18-8,32.52059444,104.075725,C,Bedding,330,68,
5-26-18-8,32.52059444,104.075725,C,Bedding,335,62,
5-26-18-8,32.52059444,104.075725,C,Bedding,330,65,
5-26-18-9,32.52376111,104.0675,C,Bedding,110,48,
5-26-18-11,32.52396667,104.0594667,C,Bedding,115,65,
5-26-18-12,32.5235,104.0514861,C,Bedding,175,30,
5-26-18-13,32.52050833,104.0443833,C,Bedding,60,48,
5-26-18-14,32.506225,104.0452694,C,Bedding,75,50,
5-26-18-14,32.506225,104.0452694,C,Bedding,80,45,
5-26-18-14,32.506225,104.0452694,C,Bedding,75,44,
5-26-18-15,32.50269167,104.0458306,Tr,Cleavage,123,22,
5-26-18-15,32.50269167,104.0458306,Tr,Fault,65,15,
5-26-18-15,32.50269167,104.0458306,Tr,Bedding,85,45,
5-26-18-17,32.49828056,104.0473056,Tr,Bedding,83,35,
5-26-18-18,32.497475,104.0468028,Tr,Bedding,40,53,
5-26-18-18,32.497475,104.0468028,Tr,Cleavage,80,40,
5-26-18-18,32.497475,104.0468028,Tr,Overturned bedding,58,42,
5-26-18-19,32.49588611,104.0484722,Tr,Cleavage,94,35,
5-26-18-20,32.49254167,104.0476389,Tr,Bedding,92,41,
5-26-18-21,32.49444444,104.0476944,Tr,Bedding,70,30,
5-26-18-22,32.48775,104.0466667,Tr,Bedding,60,42,
5-26-18-24,32.49115556,104.0363361,Tr,Bedding,80,52,
5-26-18-24,32.49115556,104.0363361,Tr,Bedding,71,54,
5-26-18-24,32.49115556,104.0363361,Tr,Cleavage,50,60,
5-26-18-24,32.49115556,104.0363361,Tr,Cleavage,52,68,
5-26-18-25,32.49281111,104.0363972,Tr,Cleavage,80,90,
5-26-18-26,32.49568611,104.0292306,Tr,Bedding,55,45,
5-26-18-26,32.49568611,104.0292306,Tr,Cleavage,35,56,
5-26-18-27,32.49565278,104.0264722,Tr,Bedding,50,37,
5-26-18-27,32.49565278,104.0264722,Tr,Cleavage,30,48,
5-26-18-27,32.49565278,104.0264722,Tr,Bedding,71,52,
5-26-18-29,32.50078056,104.0240944,Tr,Bedding,60,18,
5-26-18-30,32.50426111,104.0163694,Tr,Bedding,55,65,
5-26-18-31,32.50591667,104.0062722,Tr,Bedding,60,30,
5-26-18-33,32.51263889,103.9905278,Tr,Bedding,80,40,
5-26-18-33,32.51263889,103.9905278,Tr,Bedding,286,30,
5-26-18-33,32.51263889,103.9905278,Tr,Bedding,196,30,
5-26-18-34,32.51258611,103.9893056,Tr?,Bedding,220,36,
5-26-18-35,32.50756389,103.9460083,C,Bedding,235,51,
5-27-18-1A,32.50714722,103.9475167,Tr,Bedding,165,38,
5-27-18-1B,32.50631111,103.9498194,C,Bedding,145,44,
5-27-18-2A,32.505975,103.9500861,C,Bedding,130,20,
5-27-18-2B,32.506925,103.95165,C,Bedding,85,60,
5-27-18-3,32.50723333,103.95275,C,Bedding,108,33,
5-27-18-4,32.50893056,103.9586306,Tr,Bedding,116,18,
5-27-18-5A,32.50906389,103.9600028,P,Bedding,,,
5-27-18-5B,32.50906667,103.9603222,,Bedding,94,25,
5-27-18-5C,32.50945556,103.960475,P,Bedding,120,32,
5-27-18-5C,32.50945556,103.960475,P,Bedding,30,30,
5-27-18-5D,32.51150833,103.9640806,P,Bedding,95,25,
5-27-18-5D,32.51150833,103.9640806,P,Bedding,90,28,
5-27-18-5D,32.51150833,103.9640806,P,Bedding,125,33,
5-27-18-5D,32.51150833,103.9640806,P,Bedding,120,25,
5-27-18-6A,32.51085556,103.9649472,P,Bedding,100,46,
5-27-18-6B,32.51390833,103.9669056,P,Bedding,110,50,
5-27-18-6B,32.51390833,103.9669056,C,Bedding,105,58,
5-27-18-6B,32.51390833,103.9669056,C,Bedding,105,48,
5-27-18-7A,32.5142,103.9684167,C,Bedding,103,48,
5-27-18-7B,32.51663333,103.9733917,C,Bedding,105,45,
5-27-18-8A,32.51715278,103.9747972,C,Bedding,83,44,
5-27-18-8A,32.51715278,103.9747972,C,Bedding,90,72,
5-27-18-8B,32.51772222,103.9782389,C,Bedding,85,50,
5-27-18-8C,32.51966944,103.9829,C,Bedding,85,97,
5-27-18-9,32.51290278,103.9903111,C,Bedding,85,55,
5-27-18-10A,32.51265278,103.9915083,P,Bedding,260,60,
5-27-18-10A,32.51265278,103.9915083,P,Bedding,260,45,
5-27-18-10A,32.51265278,103.9915083,P,Bedding,285,70,
5-28-18-1B,32.41519444,104.5909556,S,Foliation,145,77,
5-28-18-1B,32.41519444,104.5909556,S,Foliation,130,80,
5-28-18-1B,32.41519444,104.5909556,S,Foliation,30,55,
5-28-18-1B,32.41519444,104.5909556,S,Foliation,10,25,
5-28-18-2A,32.41563056,104.5889583,S,Foliation,150,85,
5-28-18-2B,32.41583611,104.5884056,S,Foliation,82,33,
5-28-18-3A,32.41690833,104.5890944,Granitoid,Fault,220,75,
5-28-18-3B,32.41788333,104.5899694,S,Foliation,355,70,
5-28-18-3C,32.4192,104.5912889,S,Foliation,130,65,
5-28-18-3D,32.42010833,104.5930556,S,Foliation,165,83,
5-28-18-3E,32.42039167,104.5932417,S,Foliation,100,73,
5-28-18-4,32.42726389,104.6482278,S,Foliation,100,90,
5-28-18-5,32.39825833,104.6586306,S,Foliation,245,32,
5-28-18-6,32.40076389,104.6790583,S,Foliation,105,28,
5-28-18-7,32.39865556,104.6803278,S,Foliation,43,105,
5-28-18-8,32.40282222,104.6797083,S,Foliation,120,33,
5-28-18-10,32.39787778,104.6574306,,Foliation,330,85,
5-28-18-11A,32.39845833,104.6581472,,Foliation,130,84,
5-28-18-11B,32.39901944,104.6582778,,Foliation,275,73,
5-28-18-11C,32.52403889,104.5409389,,Fault,300,70,
5-29-18-2,32.5193,104.7900611,,Fault,120,70,
5-29-18-2,32.5193,104.7900611,,Bedding,95,35,
5-30-18-1B,32.49628056,104.8210222,,Bedding,330 (150???),75,
5-30-18-2,32.49296944,104.8220333,,Foliation,247,82,
5-30-18-3,32.47506944,104.7940306,,Bedding,240,70,
5-30-18-4,32.47343056,104.7947667,S,Foliation,175,50,
5-30-18-5,32.44798611,104.788825,S,Foliation,240,65,
5-30-18-6,32.44731389,104.7842861,,Foliation,35,75,
5-30-18-7,32.44576667,104.7808222,,Foliation,155,67,
5-30-18-8,32.46303889,104.7741972,,Foliation,225,87,
5-30-18-9,32.47522778,104.7686694,,Foliation,75,85,
5-30-18-9,32.47522778,104.7686694,,Bedding,71,81,
5-30-18-11,32.43789167,104.7553972,,Fault,270,63,
5-30-18-11,32.43789167,104.7553972,,Bedding,250,59,
5-30-18-12,32.43015,104.7483583,,Foliation,334,44,
5-30-18-13,32.42073611,104.7470528,,Foliation,255,86,
5-30-18-14,32.39870278,104.7214222,,Foliation,260,90,
5-30-18-15,32.39474444,104.703575,,Foliation,255,85,
5-30-18-16,32.45827222,104.7073833,,Foliation,105,55,
5-30-18-18,32.40516111,104.6591806,,Bedding,75,77,
5-31-18-3,32.35600278,104.6838,,Foliation,240,68,
5-31-18-4,32.34881111,104.6845083,,Foliation,235,60,
5-31-18-5,32.33796667,104.6935111,,Foliation,50,75,
5-31-18-6,32.33094167,104.7089833,,Foliation,205,58,
5-31-18-7,32.3235389,104.7128556,,Foliation,225,59,
5-31-18-8,32.30573611,104.7493972,,Foliation,205,66,
5-31-18-9,32.30230839,104.7544778,,Foliation,225,44,
5-31-18-9,32.30230839,104.7544778,,Foliation,225,54,
5-31-18-13,32.40327778,104.8305,,Foliation,40,55,
5-31-18-15,32.36878474,104.6624639,,Foliation,230,72,
5-31-18-15,32.36878474,104.6624639,,Fault,46,90,
5-31-18-16,32.47016667,104.5143889,,Foliation,228,83,
6-1-18-1,32.46183333,104.4797694,S,Foliation,110,53,
6-1-18-2,32.46420366,104.4223056,S,Foliation,115,57,
6-1-18-3,32.52463889,104.1567917,D,Foliation,85,78,
6-1-18-4,32.54931389,104.1335972,D,Foliation,60,77,
6-1-18-5,32.54905556,104.1353611,,Foliation,355,78,
6-1-18-6,32.55394722,104.1339861,,Foliation,85,22,
6-1-18-7,32.55795,104.1326083,,Foliation,335,40,
6-1-18-8,32.56974167,104.1281111,P,Foliation,180,84,
6-1-18-9,32.59475278,104.1361389,P,Bedding,170,83,
6-1-18-10,32.66803611,104.0944611,,Bedding,335,59,
6-1-18-11,32.67105833,104.0865417,D,Bedding,320,40,
6-1-18-14,32.72808333,104.04335,P,Bedding,58,48,
6-1-18-15,32.72665556,104.033125,P,Bedding,315,44,
6-1-18-16,32.72838889,104.0071722,P,Bedding,125,40,
6-1-18-17B,32.73182778,104.0056056,P,Bedding,50,80,
6-1-18-18A,32.73322778,104.0040389,P,Bedding,110,75,
6-1-18-18A,32.73322778,104.0040389,P,Bedding,75,82,
6-1-18-18B,32.74820833,104.0025861,P,Bedding,102,76,
6-1-18-19,32.75739444,103.9921806,P,Bedding,85,80,
6-1-18-20,32.7577,103.9787333,P,Bedding,123,64,
6-1-18-21,32.75469167,103.9732778,P,Bedding,13,77,
6-1-18-22,32.75253611,103.9676639,P,Bedding,57,90,
6-1-18-22,32.75253611,103.9676639,P,Fault,150,74,
6-1-18-23A,32.75220556,103.9656556,P,Bedding,218,80,
6-1-18-23A,32.75220556,103.9656556,P,Bedding,146,74,
6-1-18-23B,32.75270278,103.9574833,P,Bedding,141,71,
6-1-18-24A,32.75611389,103.95205,P,Bedding,135,45,
6-1-18-24B,32.76284167,103.9390167,P,Bedding,114,40,
6-1-18-25A,32.76330556,103.9353389,,Bedding,90,69,
6-1-18-26,32.77120833,103.9205361,,Fault,115,72,
6-1-18-27,32.77869444,103.8976139,,Bedding,83,88,
6-1-18-28,32.77468333,103.8952139,,Bedding,12,80,
6-1-18-29A,32.77018611,103.8938528,,Bedding,103,76,
6-1-18-30,32.76168889,103.8520722,,Fault,100,53,
6-2-18-1,32.76045,103.8463333,,Fault,267,78,
6-2-18-1,32.76045,103.8463333,,Fault,275,88,
6-2-18-2A,32.75965,103.8461167,Tr,Bedding,100,88,
6-2-18-3,32.7595,103.8367306,Tr,Bedding,310,47,
6-2-18-4,32.75425556,103.8215278,Tr,Bedding,331,56,
6-2-18-5,32.74399722,103.7476722,Tr,Bedding,295,80,
6-2-18-6,32.74399722,103.7476722,Tr,Bedding,303,78,
6-2-18-7A,32.74236944,103.7243917,Tr,Bedding,200,46,
6-2-18-8A,32.74706944,103.7218083,Tr,Bedding,100,73,
6-2-18-9D,32.74013611,103.7016167,Tr,Bedding,195,60,
6-2-18-11,32.75095556,103.6817056,Tr,Bedding,262,68,
6-2-18-13,32.73871111,103.6719389,Tr,Bedding,255,60,
6-2-18-14,32.73719444,103.6685889,Tr,Bedding,80,67,
6-2-18-14,32.73719444,103.6685889,Tr,Bedding,60,65,
6-2-18-16,32.73426667,103.6655444,Tr,Bedding,115,89,
6-2-18-16,32.73426667,103.6655444,Tr,Bedding,235,2,
6-2-18-17,32.73874722,103.6661,Tr,Bedding,106,21,
6-2-18-18A,32.74063889,103.6618361,Tr,Bedding,255,70,
6-2-18-19,32.74673333,103.6459417,Tr,Bedding,153,38,
6-2-18-19,32.74673333,103.6459417,Tr,Bedding,15,54,
6-3-18-1,32.79933333,103.6892722,Cz,Bedding,244,12,
6-3-18-1,32.79933333,103.6892722,Cz,Bedding,270,20,
6-3-18-2,32.79920556,103.6910444,C,Bedding,96,69,
6-3-18-3A,32.79914444,103.6930639,C,Bedding,76,90,
6-3-18-3A,32.79914444,103.6930639,C,Bedding,91,90,
6-3-18-3A,32.79914444,103.6930639,C,Bedding,108,84,
6-3-18-3B,32.79792222,103.6982361,C,Bedding,96,87,
6-3-18-4,32.78405556,103.7066694,P,Bedding,108,90,
6-3-18-5,32.77929167,103.7068333,P,Bedding,340,60,
6-3-18-6,32.77467222,103.7146389,,Bedding,335,78,
6-3-18-6,32.77467222,103.7146389,,Bedding,350,80,
6-3-18-7,32.77291667,103.723875,,Bedding,275,53,
6-3-18-8,32.77379444,103.72795,,Bedding,310,50,
6-3-18-9,32.77387222,103.7296472,,Bedding,270,62,
6-3-18-10,32.77389167,103.7336111,,Bedding,265,59,
6-3-18-11,32.88308889,103.6681222,,Bedding,265,59,
6-4-18-1,32.87559167,103.6628111,C,Bedding,247,65,
6-4-18-2,32.85883889,103.6696611,,Bedding,240,90,
6-4-18-3,32.91133333,103.7868139,,Bedding,250,67,
6-4-18-4,32.91316667,103.7844722,,Bedding,260,38,
6-4-18-5,32.91456111,103.7871556,,Bedding,335,67,
6-4-18-6,32.91678889,103.7855139,,Bedding,325,53,
6-4-18-7,32.92018889,103.7779139,,Bedding,290,68,
6-4-18-10,32.92344444,103.7545639,,Bedding,110,86,
6-4-18-10,32.92344444,103.7545639,,Bedding,310,59,
6-4-18-11,32.92277778,103.7499167,,Bedding,315,72,
6-4-18-12,32.9246,103.7352778,,Bedding,330,64,
6-4-18-13,32.92787778,103.7186472,P,Bedding,320,79,
6-4-18-14,32.77244167,103.7388083,,Bedding,195,45,
6-4-18-15,32.77416667,103.738,,Bedding,240,78,
6-4-18-16,32.95309444,103.3371889,,Bedding,240,46,
6-5-18-1,32.95414444,103.3477944,Tr,Bedding,123,65,
6-5-18-1,32.95414444,103.3477944,Tr,Bedding,158,55,
6-5-18-2,32.95183056,103.3489,Tr,Bedding,320,57,
6-5-18-3A,32.95035556,103.3498083,,Bedding,124,44,
6-5-18-3B,32.94876389,103.3506056,Tr,Bedding,118,32,
6-5-18-3C,32.94789444,103.3513833,Tr,Bedding,122,42,
6-5-18-3D,32.94273611,103.352875,Tr,Bedding,205,20,
6-5-18-4,32.93653611,103.3526306,Tr,Bedding,155,49,
6-5-18-5,32.93451111,103.3515306,Tr,Bedding,175,35,
6-5-18-6A,32.93563611,103.3511667,Tr,Bedding,205,55,
6-5-18-6B,32.93570833,103.3518167,Tr,Bedding,160,28,
6-5-18-6C,32.92755278,103.3487389,Tr,Bedding,155,68,
6-5-18-7,32.92615278,103.3548056,Tr,Bedding,15,71,
6-5-18-8,32.92903889,103.3570972,Tr,Bedding,310,54,
6-5-18-9A,32.92986667,103.3590389,Tr,Bedding,1,70,
6-5-18-9B,32.93008889,103.3624278,,Bedding,168,72,
6-5-18-9C,32.929675,103.3704139,Tr,Bedding,93,46,
6-5-18-10,32.92920833,103.3730583,Tr,Bedding,115,35,
6-5-18-11A,32.92929167,103.3726639,,Bedding,208,90,
6-5-18-11B,32.92813333,103.3767556,,Bedding,352,51,
6-5-18-12,32.92829444,103.38105,,Bedding,172,74,
6-5-18-12,32.92829444,103.38105,,Fault,110,24,
6-5-18-13,32.92901111,103.3897583,,Bedding,175,76,
6-5-18-14,32.9212,103.4103,,Bedding,245,64,
6-5-18-15,32.92491667,103.4172333,,Bedding,180,63,
6-5-18-16,32.93001667,103.4272278,,Bedding,255,46,
6-5-18-17,32.92318889,103.4420722,,Bedding,310,77,
6-5-18-17,32.92318889,103.4420722,,Bedding,310,65,
6-5-18-17,32.92318889,103.4420722,,Bedding,168,60,
6-5-18-17,32.92318889,103.4420722,,Bedding,315,88,
6-5-18-18A,32.92169167,103.4417944,Tr,Bedding,323,73,
6-5-18-18B,32.92099167,103.4416556,,Bedding,250,70,
6-5-18-18C,32.91810833,103.4416917,,Bedding,260,55,
6-5-18-19,32.91681667,103.4423167,,Bedding,249,76,
6-5-18-19,32.91681667,103.4423167,,Cleavage,265,90,
6-5-18-20A,32.91579722,103.4431222,Tr,Bedding,242,84,
6-5-18-20A,32.91579722,103.4431222,,Bedding,238,74,
6-5-18-20A,32.91579722,103.4431222,,Bedding,260,89,
6-5-18-20A,32.91579722,103.4431222,,Bedding,257,57,
6-5-18-20B,32.91378889,103.4450639,,Bedding,230,57,
6-5-18-21A,32.91333333,103.4455611,,Bedding,229,74,
6-5-18-21B,32.91166111,103.4473333,,Bedding,235,90,
6-5-18-22A,32.91099722,103.448175,???,Bedding,52,76,
6-5-18-22A,32.91099722,103.448175,,Bedding,250,74,
6-5-18-22C,32.90981944,103.4498889,,Bedding,232,90,
6-5-18-22D,32.90900278,103.4509444,Tr,Bedding,55,80,
6-5-18-23A,32.9082,103.4516611,,Bedding,229,68,
6-5-18-23B,32.90801944,103.4518333,,Bedding,65,57,
6-5-18-23C,32.90657222,103.4541444,,Bedding,230,74,
6-5-18-24,32.90570833,103.4562639,,Bedding,44,68,
6-5-18-25,32.90538611,103.4568806,,Bedding,205,76,
6-5-18-25,32.90538611,103.4568806,,Bedding,59,49,
6-5-18-26,32.88618611,103.4756,,Bedding,229,75,
6-5-18-26,32.88618611,103.4756,,Fault,30,50,
6-5-18-26,32.88618611,103.4756,,Bedding,45,56,
6-5-18-26,32.88618611,103.4756,,Bedding,235???,90,
6-5-18-27,32.88339722,103.4802667,Tr,Bedding,65,45,
6-5-18-28,32.88543333,103.4892528,,Bedding,236,40,
6-5-18-29,32.89453333,103.5007222,,Bedding,61,67,
6-5-18-29,32.89453333,103.5007222,,Bedding,69,80,
6-5-18-29,32.89453333,103.5007222,,Bedding,52,50,
6-5-18-29,32.89453333,103.5007222,,Bedding,61,72,
6-5-18-30,32.89648889,103.5047222,,Bedding,62,37,
6-5-18-31A,32.89697778,103.5057028,,Bedding,244,73,
6-5-18-31B,32.87706667,103.5412417,,Bedding,69,76,
6-5-18-32,32.79803889,103.5742111,,Bedding,236,69,
6-5-18-33,32.79694722,103.5834556,,Bedding,40,75,
6-5-18-34,32.79127222,103.5949944,,Bedding,295,40,
6-5-18-35,32.78188611,103.6148639,,Bedding,25,90,
6-5-18-36,32.87724444,103.5412167,,Bedding,65,52,
6-6-18-1,32.73476667,103.6647417,,Fault,105,51,
6-6-18-3,32.75095556,103.6817056,,Bedding,250,55,
6-6-18-3,32.75095556,103.6817056,,Fault,115,90,
6-6-18-3,32.75095556,103.6817056,,Fault,130,50,
6-6-18-3,32.75095556,103.6817056,,Fault,0,90,
6-6-18-5,32.74410833,103.7142278,,Bedding,102,60,
6-6-18-7,32.73866667,103.7404722,,Fault,115,80,
6-6-18-7,32.73866667,103.7404722,,Fault,90,50,
6-6-18-8,32.74151111,103.7428083,,Bedding,205,68,
6-6-18-9,32.76089905,103.8463499,,Bedding,138,80,
6-7-18-1,32.37563889,104.1630833,,Bedding,303,31,
6-7-18-2,32.37738889,104.1631944,Tr,Bedding,335,31,
6-7-18-3,32.37808333,104.1647222,,Foliation,345,78,
6-7-18-4,32.39022222,104.16225,,Bedding,150,85,
6-7-18-5A,32.39188889,104.1654444,Tr,Foliation,304,84,
6-7-18-5A,32.39188889,104.1654444,Tr,Bedding,185,61,
6-7-18-5A,32.39188889,104.1654444,Tr,Bedding,165,70,
6-7-18-5B,32.39563889,104.16625,,Bedding,140,74,
6-7-18-6,32.39819444,104.1686667,,Bedding,152,90,
6-7-18-7A,32.39872222,104.1691944,,Foliation,168,73,
6-7-18-7B,32.40033333,104.1741111,,Bedding,168,90,
6-7-18-7B,32.40033333,104.1741111,,Bedding,165,82,
6-7-18-8,32.40238889,104.1741667,,Bedding,185,90,
6-7-18-8,32.40238889,104.1741667,,Fault,355,25S ???,
6-7-18-9,32.40827778,104.1810833,,Bedding,160,79,
6-7-18-10,32.40805556,104.1825556,,Bedding,181,75,
6-7-18-11,32.40597222,104.1890833,C,Bedding,347,90,
6-7-18-12,32.40691667,104.1924167,C,Bedding,125,70,
6-7-18-15,32.431,104.2160278,D,Bedding,220,84,
6-7-18-16A,32.43141667,104.2159167,S,Foliation,125,80,
6-7-18-16B,32.43369444,104.2156944,,Bedding,60,62,
6-7-18-17,32.44252778,104.2206389,S,Foliation,82,65,
6-7-18-17,32.44252778,104.2206389,S,Bedding,86,65,
6-7-18-18,32.44872222,104.2307222,,Foliation,78,67,
6-7-18-19,32.45022222,104.2296944,,Foliation,58,73,
6-7-18-20,32.456,104.2255833,,Foliation,65,64,
6-7-18-21,32.46622222,104.23025,,Foliation,90,66,
6-7-18-22,32.46836111,104.2301667,,Foliation,85,58,
6-7-18-23,32.48,104.238,,Foliation,70,74,
6-7-18-24,32.51494444,104.1279167,,Foliation,100,76,
6-8-18-1,32.40969444,104.5122778,S,Foliation,120,82,
6-8-18-2,32.41127778,104.5126944,,Foliation,310,45,
6-8-18-3,32.40955556,104.5079167,,Foliation,330,41,
6-8-18-5,32.40858333,104.5351667,,Foliation,295,86,
6-8-18-6,32.41072222,104.5976111,,Foliation,120,74,
6-8-18-7,32.41302778,104.8471667,S,Foliation,310,59,
6-8-18-7,32.41302778,104.8471667,S,Foliation,280,70,
6-8-18-8A,32.41277778,104.8471389,,Foliation,252,64,
6-8-18-8B,32.41311111,104.8470833,S,Foliation,225,64,
6-8-18-8C,32.41333333,104.8483056,,Foliation,225,67,
6-8-18-9,32.41416667,104.8485,,Foliation,205,71,
6-8-18-10,32.43230556,104.8430278,,Foliation,227,71,
6-8-18-11,32.44413889,104.8416111,,Foliation,266,49,
6-8-18-12,32.45255556,104.8418333,,Foliation,252,71,
6-8-18-13,32.44441667,104.8177778,,Foliation,300,90,
6-8-18-14,32.45097222,104.8041111,,Foliation,355,87,
6-8-18-15,32.43866667,104.7733333,,Foliation,5,53,
6-8-18-16,32.37463889,104.7117778,,Foliation,290,90,
6-8-18-17,32.38347222,104.6179167,,Foliation,78,90,
6-8-18-17,32.38347222,104.6179167,,Foliation,250,64,
6-9-18-1,32.38163889,104.6116389,S,Foliation,107,74,
6-9-18-1,32.38163889,104.6116389,S,Foliation,265,78,
6-9-18-1,32.38163889,104.6116389,S,Fault,204,71,
6-9-18-2,32.37858333,104.6103333,,Foliation,320,80,
6-9-18-4,32.37161111,104.6018611,,Foliation,151,56,
6-9-18-5,32.3665,104.6177778,S,Foliation,105,31,
6-9-18-6,32.36286111,104.6196667,,Bedding,,,
6-9-18-7,32.36302778,104.6170556,S,Foliation,155,59,
6-9-18-8,32.35944444,104.6161389,,Bedding,224,79,
6-9-18-9,32.35469444,104.6111667,S,Foliation,312,70,
6-9-18-10A,32.35130556,104.6103889,,Foliation,295,80,
6-9-18-10B,32.34011111,104.5736111,,Foliation,315,74,
6-9-18-11,32.34716667,104.5934167,S,Foliation,105,75,
6-9-18-12,32.33561111,104.5774167,,Foliation,303,49,
6-9-18-13,32.33311111,104.5783889,,Foliation,350,90,
6-9-18-13,32.33311111,104.5783889,,Foliation,340,90,
6-9-18-14,32.32844444,104.5760556,,Bedding,178,84,
6-9-18-15,32.33041667,104.56,S,Foliation,10,89,
6-9-18-16,32.32669444,104.5540556,,Fault,221,62,
6-9-18-17,32.32419444,104.5471389,S,Foliation,278,64,
6-9-18-18,32.32472222,104.53125,,Foliation,115,79,
6-9-18-19,32.74673333,103.6459417,S,Fault,10,68,
6-9-18-19,32.74673333,103.6459417,S,Foliation,337,77,
6-9-18-19,32.74673333,103.6459417,S,Fault,95,83,
4-4-19-1,31.671538,104.441038,J,Bedding,84,38,589.02478
4-4-19-2,31.676296,104.451161,J,Bedding,55,29,602.219106
4-5-19-1,31.779529,104.416454,D,Bedding,204,36,746.044498
4-5-19-1,31.779552,104.416511,D,Bedding,208,61,747.817081
4-5-19-3,31.781115,104.403109,D,Cleavage,213,60,781.74921
4-5-19-3,31.781115,104.403109,D,Bedding,256,22,781.74921
4-5-19-3,31.781102,104.403459,Fault,Fault,233,84,803.018986
4-5-19-3,31.781318,104.403317,D,Cleavage,217,41,780.728927
4-5-19-3,31.781286,104.403278,D,Bedding,225,17,788.581486
4-5-19-3,31.781329,104.40327,D,Bedding,219,37,798.21674
4-5-19-4,31.781431,104.402494,Fault,Fault,219,67,768.683048
4-5-19-4,31.781431,104.402494,Fault,Fault,201,29,768.683048
4-5-19-4,31.781431,104.402494,Fault,Fault,232,82,768.683048
4-5-19-4,31.781431,104.402494,Fault,Fault,266,61,768.683048
4-5-19-4,31.781431,104.402494,Fault,Fault,255,62,768.683048
4-5-19-5,31.778965,104.399601,D,Bedding,205,39,784.351714
4-5-19-5,31.779049,104.3996,Fault,Fault,232,55,784.823983
4-5-19-5,31.778958,104.399669,Fault,Fault,232,52,785.528704
4-5-19-5,31.778865,104.399462,Fault,Fault,166,31,784.388519
4-5-19-5,31.779414,104.397845,D,Bedding,216,31,797.789398
4-5-19-5,31.778829,104.39796,D,Bedding,207,46,787.990814
4-5-19-5,31.778829,104.39796,Fault,Fault,237,57,788.880829
4-5-19-5,31.778829,104.39796,D,Bedding,142,33,797.988129
4-5-19-5,31.778912,104.399919,D,Bedding,154,28,788.85434
4-5-19-5,31.77889,104.399894,D,Bedding,146,42,788.85434
4-5-19-5,31.778912,104.399919,D,Bedding,103,33,788.85434
4-5-19-6,31.778227,104.395678,D,Bedding,211,34,797.207245
4-5-19-6,31.778254,104.396079,D,Bedding,205,30,809.240326
4-5-19-6,31.779032,104.395995,D,Bedding,229,32,789.813324
4-5-19-7,31.777328,104.391655,D,Bedding,235,42,798.266693
4-5-19-7,31.777254,104.392636,D,Bedding,225,38,823.164642
4-5-19-7,31.777016,104.392792,D,Bedding,225,38,819.769867
4-5-19-7,31.776627,104.394163,D,Bedding,232,40,780.278778
4-5-19-7,31.776627,104.394163,D,Bedding,211,35,780.278778
4-5-19-7,31.776631,104.394177,D,Bedding,217,46,780.071381
4-5-19-8,31.778831,104.385667,D,Overturned bedding,220,55,832.50473
4-5-19-8,31.778592,104.386158,D,Overturned bedding,223,53,822.628021
4-5-19-8,31.778735,104.389559,D,Bedding,208,51,978.999115
4-5-19-8,31.778697,104.389536,D,Bedding,209,57,956.887299
4-5-19-9,31.7815,104.380522,Cam,Bedding,235,38,808.12558
4-5-19-9,31.7815,104.380522,Cam,Bedding,208,19,808.12558
4-5-19-10,31.781837,104.380405,Cam,Bedding,214,40,846.378265
4-5-19-10,31.781731,104.380533,Cam,Bedding,221,16,840.953217
4-5-19-11,31.782484,104.379534,O,Bedding,173,55,841.845733
4-5-19-12,31.785169,104.377561,S,Bedding,47,89,845.059052
4-5-19-12,31.784934,104.377721,S,Bedding,225,87,864.811127
4-5-19-12,31.784934,104.377721,S,Bedding,51,82,864.811127
4-5-19-12,31.784934,104.377721,S,Bedding,238,54,864.811127
4-5-19-13,31.786944,104.373248,S,Bedding,274,49,857.92807
4-5-19-13,31.786944,104.373248,S,Bedding,276,66,857.92807
4-5-19-14,31.782507,104.370477,S,Cleavage,39,89,896.92514
4-5-19-14,31.782648,104.370624,S,Bedding,221,62,894.303436
4-5-19-14,31.784001,104.370271,S,Bedding,69,75,908.465546
4-5-19-14,31.784497,104.370634,S,Bedding,248,68,711.209076
4-5-19-15,31.78343,104.36817,Fault,Fault,269,34,919.022064
4-5-19-15,31.78343,104.36817,Fault,Fault,300,36,919.022064
4-5-19-15,31.783415,104.368221,Fault,Fault,309,33,920.147064
4-5-19-15,31.783652,104.368234,Fault,Fault,308,43,904.269379
4-5-19-15,31.783652,104.368234,Fault,Fault,81,79,904.269379
4-5-19-15,31.783652,104.368234,Fault,Fault,82,84,904.269379
4-5-19-15,31.78385,104.368189,Fault,Fault,69,77,1146.36496
4-5-19-15,31.784125,104.370063,S,Cleavage,256,82,906.14035
4-5-19-16,31.783137,104.367535,Fault,Fault,294,69,963.388397
4-5-19-16,31.783603,104.367716,S,Bedding,265,40,925.454437
4-5-19-16,31.783616,104.367536,Fault,Fault,285,45,925.454437
4-5-19-17,31.784816,104.364508,S,Bedding,268,35,920.576752
4-6-19-2,31.846494,104.475564,Cam,Bedding,96,29,628.505093
4-6-19-2,31.846053,104.475013,Cam,Bedding,56,56,630.679409
4-6-19-3,31.844488,104.47638,S,Bedding,40,30,707.443569
4-6-19-4,31.86148,104.504618,Fault,Fault,181,53,626.206629
4-6-19-4,31.861481,104.504634,Fault,Fault,314,59,627.368206
4-6-19-4,31.861471,104.504661,D,Overturned bedding,238,46,626.754355
4-6-19-5,31.863291,104.511752,Fault,Fault,81,22,619.851116
4-6-19-5,31.863291,104.511752,Fault,Fault,79,89,619.851116
4-6-19-5,31.863291,104.511752,Fault,Bedding,73,79,619.851116
4-6-19-5,31.863291,104.511752,P,Bedding,79,82,619.851116
4-6-19-6,31.863096,104.511797,Fault,Fault,62,85,640.500042
4-6-19-6,31.863293,104.511632,Fault,Fault,81,80,639.52055
4-6-19-7,31.864865,104.520176,S,Bedding,9,34,633.153148
4-6-19-8,31.868859,104.539649,D,Bedding,10,34,662.72357
4-6-19-8,31.868999,104.53861,Fault,Fault,76,68,666.015271
4-6-19-8,31.868931,104.53864,D,Bedding,20,41,667.159365
4-6-19-8,31.868407,104.537046,D,Bedding,32,30,660.996624
4-6-19-8,31.868312,104.536777,Fault,Fault,14,35,658.049646
4-6-19-8,31.867918,104.536458,Fault,Fault,13,39,635.351971
4-6-19-8,31.867918,104.536458,D,Bedding,25,33,635.351971
4-6-19-9,31.861284,104.541002,D,Bedding,22,26,651.106609
4-6-19-9,31.864378,104.544693,D,Bedding,22,26,648.044476
4-6-19-10,31.844379,104.553149,D,Bedding,5,44,692.36552
4-6-19-11,31.843894,104.562265,D,Bedding,39,33,681.400433
4-6-19-12,31.825294,104.583746,Fault,Fault,41,23,624.188736
4-6-19-12,31.825294,104.583746,Fault,Fault,33,22,624.188736
4-6-19-13,31.802722,104.583129,D,Bedding,269,42,597.325291
4-6-19-14,31.800488,104.583182,Tr,Bedding,81,63,597.381798
4-6-19-15,31.780764,104.582796,P,Bedding,227,73,556.986041
4-6-19-15,31.780764,104.582796,Fault,Fault,293,67,556.986041
4-6-19-16,31.77747,104.587271,C,Bedding,226,50,579.700047
4-6-19-16,31.777338,104.587412,Fault,Fault,334,74,565.519409
4-6-19-16,31.777259,104.588038,C,Bedding,217,68,560.512974
4-7-19-1,31.866469,104.391774,S,Bedding,249,48,827.21063
4-7-19-1,31.866469,104.391777,S,Bedding,250,39,825.203637
4-7-19-2,31.868415,104.392886,S,Cleavage,210,35,759.574783
4-7-19-3,31.868037,104.393839,S,Cleavage,268,61,755.754594
4-7-19-3,31.868037,104.393839,S,Bedding,224,55,755.754594
4-7-19-3,31.868027,104.393801,S,Cleavage,269,59,748.2845
4-7-19-3,31.868232,104.393657,Fault,Fault,238,75,745.393847
4-7-19-4,31.86684,104.370841,S,Bedding,202,34,718.702469
4-7-19-4,31.866779,104.370906,S,Bedding,192,38,726.094437
4-7-19-5,31.857833,104.314866,S,Bedding,227,46,723.404861
4-7-19-5,31.857719,104.31461,S,Vein,27,71,732.26387
4-7-19-5,31.857016,104.314276,Fault,Fault,65,85,757.086502
4-7-19-5,31.857001,104.314364,S,Bedding,261,45,751.842361
4-7-19-5,31.856945,104.31434,S,Vein,82,89,747.347855
4-7-19-5,31.856945,104.31434,S,Vein,71,81,747.347855
4-7-19-5,31.857083,104.314162,S,Bedding,250,37,743.502029
4-7-19-6,31.867204,104.312046,S,Bedding,290,32,741.117185
4-7-19-6,31.86721,104.312021,S,Bedding,264,22,739.532673
4-7-19-7,31.872739,104.310515,S,Cleavage,243,57,732.971634
4-7-19-7,31.872659,104.310517,S,Foliation,257,43,734.149008
4-7-19-8,31.883188,104.307176,S,Cleavage,288,59,733.529617
4-7-19-8,31.883178,104.307174,S,Foliation,278,38,750.330643
4-7-19-8,31.883064,104.307222,Fault,Fault,289,64,751.486771
4-7-19-8,31.883064,104.307222,Fault,Fault,303,65,751.486771
4-7-19-8,31.882974,104.307132,S,Foliation,272,43,742.760818
4-7-19-8,31.883234,104.307141,S,Cleavage,260,70,753.339188
4-7-19-8,31.883234,104.307141,S,Foliation,273,50,753.339188
4-7-19-9,31.884527,104.306924,Fault,Fault,272,55,745.513382
4-7-19-9,31.884473,104.30692,S,Axial plane,315,32,738.854483
4-7-19-9,31.884501,104.306935,S,Axial plane,269,36,738.268737
4-7-19-9,31.884494,104.306937,S,Axial plane,300,42,739.475204
4-7-19-9,31.884486,104.306936,S,Foliation,261,55,743.489334
4-7-19-9,31.884129,104.307025,S,Foliation,252,30,751.559318
4-7-19-10,31.889749,104.302725,S,Cleavage,219,48,748.535721
4-7-19-10,31.889713,104.302756,S,Foliation,271,33,747.358109
4-7-19-10,31.889575,104.302754,S,Foliation,304,27,750.515457
4-7-19-10,31.889561,104.302772,S,Cleavage,217,68,750.185501
4-7-19-10,31.889537,104.302762,S,Cleavage,229,43,747.969681
4-7-19-10,31.889534,104.302752,S,Foliation,277,17,750.633621
4-7-19-10,31.888414,104.303074,Fault,Vein,263,52,738.706863
4-7-19-10,31.888512,104.303025,S,Foliation,271,40,744.488602
4-7-19-11,31.889877,104.297278,S,Cleavage,194,62,757.317451
4-7-19-11,31.890147,104.297566,S,Foliation,303,42,765.743599
4-7-19-11,31.890154,104.297624,S,Cleavage,194,68,764.947212
4-7-19-11,31.890085,104.297581,S,Foliation,283,36,754.068672
4-7-19-11,31.890028,104.297558,S,Cleavage,184,69,747.324409
4-7-19-12,31.891349,104.296739,S,Foliation,275,39,744.871396
4-7-19-13,31.89428,104.295851,S,Cleavage,216,86,763.206856
4-7-19-13,31.894728,104.297698,S,Axial plane,248,69,765.240181
4-7-19-13,31.894738,104.297703,S,Cleavage,268,71,766.514717
4-7-19-13,31.894484,104.298031,S,Axial plane,237,79,743.467842
4-7-19-13,31.894143,104.298052,S,Axial plane,262,55,790.739937
4-7-19-13,31.894143,104.298052,S,Axial plane,239,55,792.308418
4-7-19-13,31.894141,104.298052,S,Axial plane,246,40,785.809151
4-7-19-13,31.89416,104.29807,S,Foliation,248,53,791.767403
4-7-19-13,31.894025,104.297987,S,Cleavage,243,55,783.656319
4-7-19-13,31.893885,104.298292,S,Cleavage,233,67,756.395088
4-7-19-13,31.893901,104.298383,S,Cleavage,234,59,744.058907
4-7-19-13,31.893901,104.298383,S,Cleavage,244,59,744.058907
4-7-19-14,31.901939,104.295219,S,Cleavage,209,60,771.675491
4-7-19-14,31.901948,104.29524,S,Foliation,245,57,768.517654
4-7-19-14,31.90194,104.295389,S,Foliation,243,57,779.048172
4-7-19-14,31.901718,104.295766,S,Foliation,267,64,770.077957
4-7-19-14,31.901746,104.295806,S,Cleavage,199,77,771.423904
4-7-19-14,31.901123,104.296068,S,Foliation,275,75,774.700516
4-7-19-14,31.901175,104.296118,S,Foliation,280,71,770.074142
4-7-19-14,31.901207,104.296121,S,Foliation,304,68,771.006945
4-8-19-2,31.905361,104.290728,S,Foliation,299,49,784.236404
4-8-19-2,31.905369,104.290772,S,Cleavage,272,80,779.878983
4-8-19-2,31.905193,104.290686,S,Cleavage,262,60,775.893631
4-8-19-2,31.905064,104.290719,S,Foliation,281,52,760.753738
4-8-19-3,31.906405,104.290986,S,Cleavage,273,75,786.537308
4-8-19-3,31.906397,104.290925,S,Axial plane,241,56,778.96492
4-8-19-3,31.906384,104.290934,S,Axial plane,221,77,776.035477
4-8-19-3,31.906394,104.290967,S,Axial plane,212,60,781.898026
4-8-19-3,31.906406,104.290992,S,Axial plane,262,58,778.845535
4-8-19-3,31.906257,104.291017,Fault,Cleavage,271,72,772.891922
4-8-19-3,31.90597,104.290971,Fault,Fault,237,61,768.31868
4-8-19-3,31.905967,104.290933,Fault,Fault,253,76,764.908768
4-8-19-3,31.905968,104.29084,S,Cleavage,247,70,790.419754
4-8-19-4,31.909589,104.291019,S,Cleavage,295,71,769.83384
4-8-19-4,31.909144,104.290353,S,Foliation,315,62,765.33208
4-8-19-4,31.909144,104.290353,S,Cleavage,276,80,765.33208
4-8-19-5,31.912693,104.292871,S,Axial plane,249,66,770.690506
4-8-19-5,31.912343,104.293121,S,Cleavage,252,53,769.470413
4-8-19-5,31.911368,104.292883,S,Cleavage,259,74,767.542332
4-8-19-5,31.911383,104.292876,S,Cleavage,249,71,766.516166
4-8-19-6,31.950751,104.268106,S,Cleavage,253,51,804.253006
4-8-19-6,31.935357,104.270055,S,Cleavage,244,39,790.085159
4-8-19-6,31.932882,104.271465,S,Cleavage,256,48,797.247269
4-8-19-6,31.92345,104.279554,S,Cleavage,230,59,778.182449
4-8-19-6,31.921624,104.281807,S,Cleavage,226,33,774.475174
4-8-19-6,31.919163,104.285823,S,Axial plane,233,58,775.799515
4-8-19-6,31.919208,104.285882,S,Axial plane,231,58,765.358719
4-8-19-6,31.916289,104.286946,S,Cleavage,239,61,781.694901
4-8-19-6,31.916122,104.28677,Fault,Fault,261,28,771.785233
4-8-19-6,31.916166,104.287336,S,Axial plane,256,64,777.093704
4-8-19-6,31.915134,104.287874,S,Cleavage,253,58,771.749538
4-8-19-6,31.914968,104.287999,S,Cleavage,234,59,776.237137
4-8-19-6,31.914768,104.288499,S,Cleavage,257,55,769.986404
4-8-19-7,31.987629,104.240098,S,Cleavage,244,82,836.923869
4-8-19-7,31.986589,104.240784,S,Cleavage,233,89,837.413234
4-8-19-7,31.986483,104.240845,S,Cleavage,227,80,836.277908
4-8-19-7,31.969746,104.255556,S,Cleavage,228,75,817.228836
4-8-19-7,31.962681,104.259425,S,Cleavage,231,57,813.99617
4-8-19-8,32.000557,104.231622,S,Cleavage,68,79,865.12463
4-8-19-8,32.000354,104.231698,S,Cleavage,80,86,858.509884
4-8-19-8,31.993885,104.234941,S,Cleavage,235,82,859.62056
4-8-19-9,32.014222,104.213658,S,Cleavage,254,85,863.206905
4-8-19-9,32.006852,104.223334,S,Cleavage,241,88,850.69421
4-8-19-9,32.006854,104.223429,S,Cleavage,72,89,826.538937
4-8-19-9,32.006822,104.223492,S,Cleavage,81,86,854.425533
4-8-19-9,32.00677,104.223757,S,Cleavage,262,89,834.125607
4-8-19-11,32.016431,104.190891,S,Cleavage,241,76,887.10587
4-8-19-11,32.016335,104.191756,S,Cleavage,259,67,902.677254
4-8-19-12,32.023869,104.169043,S,Cleavage,64,63,928.559944
4-8-19-12,32.023739,104.169396,S,Cleavage,70,70,940.138313
4-8-19-12,32.023554,104.17012,S,Cleavage,77,67,929.2472
4-8-19-13,32.027167,104.165131,S,Cleavage,240,75,907.300911
4-8-19-14,32.033611,104.156567,S,Cleavage,78,68,922.693489
4-8-19-14,32.033505,104.156599,S,Cleavage,84,66,925.152229
4-8-19-14,32.033453,104.156637,S,Cleavage,93,65,924.62513
4-8-19-14,32.033361,104.156684,S,Cleavage,78,86,927.805061
4-8-19-14,32.029853,104.160096,S,Cleavage,246,77,910.998787
4-8-19-15,32.040674,104.15863,S,Cleavage,276,82,965.848152
4-8-19-15,32.039889,104.158373,S,Cleavage,86,89,964.850177
4-8-19-16,32.049096,104.159951,S,Cleavage,235,89,959.043831
4-8-19-17,32.051334,104.15722,S,Foliation,263,88,986.610237
4-8-19-17,32.051305,104.157229,S,Cleavage,256,69,982.588875
4-8-19-17,32.051208,104.157089,S,Cleavage,266,75,969.27316
4-8-19-18,32.052296,104.158468,S,Cleavage,82,89,1007.284847
4-8-19-19,32.054069,104.155684,S,Cleavage,232,76,1088.806526
4-8-19-19,32.053923,104.156038,S,Cleavage,238,86,1081.857307
4-8-19-19,32.053382,104.156516,S,Cleavage,269,52,1071.874763
4-8-19-19,32.053408,104.156506,S,Foliation,257,67,1083.559456
4-8-19-20,32.057569,104.152752,S,Cleavage,264,57,1283.290578
4-8-19-21,32.059498,104.150728,D,Cleavage,305,82,1386.00721
4-8-19-21,32.059497,104.150751,D,Cleavage,106,82,1386.104012
4-8-19-21,32.059497,104.150751,D,Cleavage,99,76,1386.104012
4-8-19-21,32.059478,104.15074,D,Cleavage,116,86,1389.766121
4-8-19-21,32.059451,104.150732,D,Cleavage,126,86,1407.589485
4-8-19-21,32.059628,104.15171,D,Cleavage,257,24,1386.323738
4-8-19-21,32.059628,104.15171,D,Bedding,247,40,1386.323738
4-8-19-22,32.061218,104.149796,S,Cleavage,80,81,1402.947395
4-8-19-23,32.06183,104.149872,S,Cleavage,99,64,1430.694954
4-8-19-23,32.061839,104.14986,S,Cleavage,79,87,1430.683723
4-9-19-1,32.050243,104.156606,S,Cleavage,66,67,961.281624
4-9-19-1,32.050184,104.15668,S,Foliation,60,73,959.108772
4-9-19-1,32.050115,104.156705,S,Foliation,63,70,956.688362
4-9-19-2,32.051703,104.155036,S,Cleavage,85,74,969.306075
4-9-19-2,32.051399,104.155824,S,Cleavage,246,86,961.441645
4-9-19-2,32.051407,104.155817,S,Cleavage,254,84,959.499455
4-9-19-2,32.051386,104.155804,S,Cleavage,249,84,957.240028
4-9-19-3,32.052057,104.153066,S,Cleavage,255,87,985.092359
4-9-19-3,32.051892,104.153245,S,Cleavage,77,89,983.18507
4-9-19-3,32.051483,104.153354,S,Cleavage,75,88,981.100835
4-9-19-3,32.05109,104.153749,S,Cleavage,88,84,976.993402
4-9-19-3,32.051107,104.153767,S,Cleavage,110,82,976.843286
4-9-19-4,32.049956,104.133727,S,Cleavage,78,79,1043.545207
4-9-19-4,32.050054,104.137037,S,Cleavage,82,68,1026.858107
4-9-19-5,32.045535,104.132342,S,Foliation,97,85,1102.104378
4-9-19-5,32.045599,104.13237,S,Cleavage,88,71,1108.166145
4-9-19-5,32.045526,104.132451,S,Cleavage,79,69,1099.742805
4-9-19-5,32.046562,104.132797,S,Cleavage,82,72,1075.058723
4-9-19-5,32.046641,104.132719,S,Cleavage,88,67,1093.967659
4-9-19-6,32.041976,104.131335,S,Cleavage,81,83,1120.206917
4-9-19-6,32.043182,104.131408,S,Cleavage,91,86,1126.26844
4-9-19-6,32.043628,104.131818,S,Cleavage,75,75,1089.341072
4-9-19-6,32.044455,104.132108,S,Cleavage,94,75,1079.5616
4-9-19-6,32.044764,104.132051,S,Cleavage,60,89,1102.620125
4-9-19-7,32.057569,104.143925,S,Cleavage,83,76,1014.38221
4-9-19-7,32.057596,104.143915,S,Cleavage,94,81,1023.726936
4-9-19-7,32.054691,104.145406,S,Cleavage,97,78,1003.985237
4-9-19-7,32.051853,104.144821,S,Cleavage,258,89,992.244745
4-9-19-7,32.051855,104.144795,S,Cleavage,261,90,991.809157
4-9-19-7,32.052031,104.145891,S,Cleavage,104,85,991.562734
4-9-19-8,32.0612,104.141923,S,Cleavage,82,89,1038.355721
4-9-19-8,32.060964,104.142221,D,Bedding,70,88,1038.355721
4-9-19-8,32.059838,104.143573,D,Fault,78,52,1063.618782
4-9-19-8,32.059891,104.143812,D,Axial plane,77,69,1075.260017
4-9-19-8,32.059764,104.143891,D,Axial plane,85,65,1068.846199
4-9-19-8,32.060148,104.144088,D,Bedding,44,87,1078.938362
4-9-19-9,32.071138,104.138615,S,Cleavage,68,69,1128.069099
4-9-19-10,32.078172,104.130602,S,Cleavage,108,83,1170.032967
4-9-19-10,32.078184,104.130594,S,Cleavage,103,77,1167.161385
4-9-19-11,32.091499,104.09863,S,Cleavage,71,89,1519.986927
4-9-19-12,32.093661,104.098423,S,Cleavage,76,80,1465.643055
4-9-19-12,32.093641,104.098423,D,Bedding,81,83,1475.043446
4-9-19-12,32.09356,104.09905,S,Cleavage,74,88,1532.081165
4-9-19-12,32.093601,104.098466,D,Bedding,239,83,1478.550526
4-9-19-13,32.095524,104.095986,S,Cleavage,257,85,1508.965687
4-9-19-13,32.095522,104.096135,S,Bedding,180,62,1510.07555
4-9-19-13,32.095493,104.096115,S,Bedding,187,60,1515.692371
4-9-19-13,32.095478,104.096056,S,Bedding,155,30,1521.524403
4-9-19-13,32.095624,104.096293,S,Cleavage,72,85,1507.122547
4-9-19-14,32.096238,104.095769,D,Cleavage,42,63,1526.906497
4-9-19-14,32.096161,104.095555,D,Axial plane,55,73,1527.412575
4-9-19-14,32.096234,104.09563,D,Fault,32,81,1527.826405
4-9-19-14,32.096186,104.095596,Fault,Fault,103,41,1524.083118
4-9-19-14,32.096295,104.095564,D,Axial plane,207,88,1516.374622
4-9-19-14,32.096302,104.095582,D,Axial plane,37,63,1519.37682
4-9-19-14,32.096097,104.095492,D,Bedding,70,58,1513.04137
4-9-19-14,32.096065,104.095453,D,Bedding,56,65,1517.90807
4-9-19-15,32.096712,104.095015,S,Cleavage,68,63,1535.171757
4-9-19-15,32.096477,104.095085,S,Cleavage,50,81,1532.420211
4-9-19-16,32.09473,104.100058,S,Cleavage,249,88,1442.287849
4-9-19-16,32.094441,104.100124,S,Cleavage,247,83,1467.178841
4-9-19-16,32.094208,104.099644,Fault,Fault,57,86,1461.151863
4-9-19-16,32.094444,104.100147,D,Bedding,91,90,1460.935188
4-9-19-17,32.093544,104.104151,S,Axial plane,31,89,1369.227791
4-9-19-17,32.093534,104.104135,S,Axial plane,184,80,1365.425179
4-9-19-18,32.086712,104.114343,D,Bedding,194,31,1260.105843
4-9-19-18,32.088077,104.112672,S,Cleavage,222,76,1289.673714
4-9-19-18,32.088761,104.111159,S,Cleavage,232,83,1294.27784
4-9-19-18,32.088758,104.111157,S,Cleavage,220,83,1293.478767
4-9-19-18,32.090694,104.109377,Fault,Fault,152,55,1341.250618
4-9-19-18,32.090703,104.109332,Fault,Fault,163,51,1340.852791
4-9-19-18,32.090703,104.109332,Fault,Fault,159,53,1340.852791
4-9-19-18,32.090648,104.109473,Fault,Fault,147,57,1345.283943
4-9-19-18,32.090705,104.109385,Fault,Fault,158,78,1336.867928
4-9-19-18,32.090689,104.109324,Fault,Fault,137,49,1315.266928
4-9-19-18,32.090673,104.109276,Fault,Fault,128,51,1315.010871
4-9-19-18,32.090704,104.109292,D,Bedding,273,60,1314.797945
4-9-19-18,32.090993,104.108745,S,Axial plane,84,70,1319.563597
4-9-19-19,32.063953,104.16188,S,Cleavage,84,84,968.422493
4-9-19-19,32.063228,104.162047,S,Cleavage,114,61,966.22657
4-9-19-19,32.061695,104.162996,S,Cleavage,47,63,966.413826
4-9-19-19,32.058106,104.163974,S,Cleavage,245,75,948.778708
4-9-19-19,32.058269,104.163935,S,Cleavage,260,85,950.41758
4-9-19-19,32.052033,104.166448,S,Cleavage,232,87,928.821663
4-9-19-20,32.075081,104.162016,S,Cleavage,89,84,982.71656
4-9-19-20,32.068033,104.162473,S,Cleavage,60,81,973.767952
4-9-19-21,32.089722,104.168368,D,Bedding,255,89,1008.745735
4-9-19-21,32.088781,104.168517,Fault,Axial plane,251,89,1015.210823
4-9-19-21,32.088841,104.168202,Fault,Fault,81,52,1037.761238
4-9-19-21,32.088546,104.168645,Fault,Fault,237,79,1016.596321
4-9-19-21,32.088574,104.168643,Fault,Fault,241,62,1019.613655
4-9-19-21,32.088581,104.168482,Fault,Fault,221,67,1030.752083
4-9-19-21,32.088578,104.168432,Fault,Fault,221,67,1031.658943
4-9-19-21,32.087941,104.168456,D,Bedding,231,81,1019.474007
4-9-19-21,32.087669,104.168664,D,Bedding,69,82,1015.060188
4-9-19-21,32.087758,104.168553,D,Axial plane,53,62,1023.165169
4-9-19-21,32.08791,104.168472,D,Bedding,61,79,1013.853035
4-9-19-21,32.087919,104.168481,D,Bedding,241,82,1013.004036
4-9-19-21,32.087913,104.168485,D,Bedding,83,83,1016.516731
4-9-19-21,32.087947,104.168488,D,Axial plane,67,86,1022.096199
4-9-19-21,32.087983,104.168476,D,Axial plane,56,86,1030.67701
4-9-19-21,32.087891,104.168435,D,Bedding,73,73,1012.665901
4-9-19-21,32.088043,104.168408,D,Bedding,251,62,1022.619514
4-9-19-21,32.088214,104.168556,D,Axial plane,71,81,1009.945442
4-9-19-21,32.088202,104.168535,D,Axial plane,99,89,1013.890511
4-9-19-21,32.088199,104.168524,D,Axial plane,266,89,1007.676888
4-9-19-21,32.088206,104.168486,D,Axial plane,64,89,1004.829964
4-9-19-21,32.088206,104.168486,D,Axial plane,83,78,1004.829964
4-9-19-22,32.108027,104.150608,D,Bedding,62,89,1011.225202
4-9-19-22,32.107986,104.150648,D,Bedding,58,84,1008.123077
4-9-19-22,32.107751,104.151037,Fault,Fault,58,78,1025.494331
4-9-19-22,32.103451,104.159584,S,Cleavage,235,88,998.879984
4-10-19-1,32.121038,104.154462,S,Cleavage,66,68,1040.335037
4-10-19-1,32.120833,104.154431,S,Cleavage,91,80,1038.193428
4-10-19-2,32.128341,104.150851,S,Bedding,359,82,1207.624878
4-10-19-2,32.12828,104.149464,S,Cleavage,78,81,1050.698677
4-10-19-2,32.127447,104.149723,S,Cleavage,96,89,1044.898628
4-10-19-2,32.127442,104.149721,S,Cleavage,100,86,1046.279488
4-10-19-3,32.13253,104.146836,S,Cleavage,265,89,1156.079048
4-10-19-3,32.132953,104.147451,Fault,Fault,68,75,1079.469673
4-10-19-3,32.133082,104.147825,S,Cleavage,271,89,1091.414497
4-10-19-3,32.133314,104.148181,S,Cleavage,280,87,1102.91584
4-10-19-3,32.132755,104.14751,S,Axial plane,257,85,1097.848213
4-10-19-3,32.133008,104.147807,S,Axial plane,250,86,1079.641304
4-10-19-4,32.137343,104.14666,S,Cleavage,97,81,1057.958443
4-10-19-4,32.137134,104.146616,S,Cleavage,280,82,1075.901314
4-10-19-5,32.150444,104.138537,S,Cleavage,126,78,1095.937691
4-10-19-5,32.145179,104.142426,S,Cleavage,85,88,1060.505318
4-10-19-5,32.144741,104.142515,S,Cleavage,283,84,1081.460762
4-10-19-5,32.144261,104.14294,Fault,Fault,225,42,1110.392281
4-10-19-6,32.161175,104.138125,Fault,Fault,102,60,1133.029366
4-10-19-6,32.161019,104.138006,Fault,Fault,128,61,1138.210518
4-10-19-6,32.161175,104.138361,D,Bedding,272,89,1153.68708
4-10-19-6,32.159211,104.136698,Fault,Fault,130,68,1109.963326
4-10-19-6,32.159216,104.136692,Fault,Fault,125,70,1101.948921
4-10-19-6,32.159223,104.136724,D,Bedding,302,89,1105.649849
4-10-19-7,32.169106,104.113427,D,Bedding,56,89,1184.099556
4-10-19-7,32.168763,104.116478,D,Bedding,33,80,1137.066841
4-10-19-7,32.168543,104.117767,D,Bedding,112,85,1141.6623
4-10-19-7,32.169514,104.120547,D,Bedding,211,57,1129.739204
4-10-19-7,32.169567,104.120555,D,Bedding,214,77,1133.796089
4-10-19-8,32.186163,104.104173,Fault,Fault,247,34,1190.178613
4-10-19-8,32.186205,104.104239,D,Bedding,201,78,1190.302552
4-10-19-8,32.184496,104.105199,D,Cleavage,21,78,1188.999092
4-10-19-8,32.184485,104.105092,D,Cleavage,25,80,1193.263496
4-10-19-9,32.185617,104.101542,D,Foliation,23,77,1257.383247
4-10-19-9,32.185617,104.101542,D,Foliation,27,85,1257.383247
4-10-19-9,32.185617,104.101542,Fault,Fault,6,74,1257.383247
4-10-19-9,32.185617,104.101542,Fault,Fault,335,44,1257.383247
4-10-19-9,32.185617,104.101542,Fault,Joint,339,49,1257.383247
4-10-19-9,32.185617,104.101542,Fault,Fault,318,56,1257.383247
4-10-19-9,32.184995,104.101285,D,Cleavage,18,71,1304.595039
4-10-19-9,32.185256,104.101858,D,Cleavage,13,75,1236.978096
4-10-19-9,32.185256,104.101858,Fault,Fault,61,82,1236.978096
4-10-19-9,32.185222,104.101867,Fault,Fault,241,86,1232.844429
4-10-19-9,32.185188,104.10188,Fault,Fault,343,82,1233.795357
4-10-19-9,32.18524,104.101928,Fault,Fault,67,79,1232.742075
4-10-19-9,32.185236,104.101926,Fault,Fault,344,77,1232.178777
4-10-19-9,32.185224,104.101921,Fault,Fault,326,85,1232.73728
4-10-19-9,32.185241,104.101935,Fault,Fault,334,76,1233.518234
4-10-19-9,32.18522,104.101904,Fault,Fault,336,75,1231.481432
4-11-19-1,32.187658,104.10031,Fault,Fault,318,35,1270.860646
4-11-19-1,32.187664,104.100252,Fault,Fault,333,59,1270.753609
4-11-19-3,32.193803,104.094786,D,Axial plane,32,48,1333.95493
4-11-19-3,32.193803,104.094786,D,Axial plane,36,44,1333.95493
4-11-19-3,32.193803,104.094786,D,Axial plane,17,60,1333.95493
4-11-19-3,32.193803,104.094786,D,Bedding,39,37,1333.95493
4-11-19-3,32.193803,104.094786,D,Bedding,12,43,1333.95493
4-11-19-3,32.193803,104.094786,D,Axial plane,358,36,1333.95493
4-11-19-3,32.193803,104.094786,D,Cleavage,9,51,1333.95493
4-11-19-3,32.193793,104.094782,D,Cleavage,339,29,1329.826113
4-11-19-4,32.201875,104.081853,D,Bedding,22,68,1411.099868
4-11-19-4,32.198886,104.085763,D,Bedding,309,56,1413.006642
4-11-19-4,32.198914,104.08585,D,Bedding,326,62,1412.720576
4-11-19-4,32.198883,104.085859,D,Bedding,30,57,1412.697571
4-11-19-4,32.197758,104.090571,D,Bedding,353,74,1368.832099
4-11-19-4,32.197758,104.090571,D,Axial plane,356,69,1368.832099
4-11-19-5,32.202293,104.071635,C,Bedding,11,71,1453.37006
4-11-19-6,32.20198,104.062637,D,Cleavage,243,87,1517.091782
4-11-19-6,32.20198,104.062637,D,Cleavage,203,88,1517.091782
4-11-19-6,32.20198,104.062637,D,Cleavage,193,79,1517.091782
4-11-19-6,32.20198,104.062637,Fault,Fault,182,71,1517.091782
4-11-19-6,32.20198,104.062637,Fault,Fault,182,75,1517.091782
4-11-19-6,32.20198,104.062637,Fault,Fault,182,53,1517.091782
4-11-19-6,32.20198,104.062637,Fault,Fault,179,70,1517.091782
4-11-19-6,32.20198,104.062637,Fault,Fault,264,89,1517.091782
4-11-19-6,32.20198,104.062637,Fault,Fault,267,83,1517.091782
4-11-19-7,32.199318,104.054078,Fault,Fault,182,54,1369.932438
4-11-19-7,32.202126,104.055094,D,Cleavage,185,80,1366.919498
4-11-19-7,32.2021,104.055024,D,Cleavage,25,76,1382.029362
4-11-19-7,32.200905,104.05723,D,Cleavage,203,83,1440.890789
4-11-19-8,32.192604,104.115707,D,Bedding,18,45,1242.869698
4-11-19-8,32.189018,104.113829,Fault,Fault,359,60,1246.566337
4-11-19-8,32.189027,104.113786,Fault,Fault,359,74,1247.770332
4-11-19-8,32.189052,104.113811,Fault,Fault,157,82,1245.383492
4-11-19-8,32.189052,104.113774,Fault,Fault,357,64,1250.30378
4-11-19-8,32.189019,104.113824,D,Fault,88,38,1240.985664
4-11-19-9,32.19627,104.113497,Fault,Fault,166,77,1269.284476
4-11-19-9,32.196279,104.113512,Fault,Fault,178,68,1270.086373
4-11-19-9,32.196224,104.113549,D,Bedding,359,59,1269.719451
4-11-19-9,32.196239,104.113567,D,Axial plane,5,68,1271.816892
4-11-19-9,32.196249,104.113549,D,Bedding,30,55,1272.639095
4-11-19-10,32.210165,104.11066,D,Bedding,39,68,1248.052767
4-11-19-10,32.207833,104.11094,D,Foliation,358,76,1243.342447
4-11-19-10,32.207605,104.111027,Fault,Fault,350,88,1243.131941
4-11-19-10,32.207606,104.111026,Fault,Fault,158,86,1243.230544
4-11-19-10,32.20751,104.111076,Fault,Fault,60,74,1243.472226
4-11-19-10,32.207475,104.110982,Fault,Fault,157,71,1241.371448
4-11-19-10,32.20751,104.111083,Fault,Fault,162,73,1242.423263
4-11-19-10,32.207512,104.11109,Fault,Fault,156,76,1241.966945
4-11-19-10,32.207532,104.111145,Fault,Fault,62,73,1241.449477
4-11-19-10,32.2075,104.111184,Fault,Fault,19,83,1241.134069
4-11-19-10,32.207508,104.111241,Fault,Fault,6,70,1239.795617
4-11-19-10,32.207528,104.111177,Fault,Fault,62,83,1242.621231
4-11-19-10,32.207476,104.111205,Fault,Fault,333,76,1243.063295
4-11-19-10,32.207473,104.111228,Fault,Fault,336,83,1241.937642
4-11-19-10,32.20751,104.111317,Fault,Fault,341,60,1240.43896
4-11-19-10,32.207588,104.111459,Fault,Fault,332,89,1241.017232
4-11-19-10,32.207563,104.111508,D,Cleavage,345,70,1241.940672
4-11-19-10,32.207583,104.111599,Fault,Fault,56,87,1240.344963
4-11-19-10,32.2075,104.111576,Fault,Fault,333,79,1240.212302
4-11-19-10,32.207498,104.111582,Fault,Fault,335,86,1239.75903
4-11-19-10,32.207498,104.111582,Fault,Fault,341,83,1239.75903
4-11-19-10,32.207498,104.111582,Fault,Fault,330,88,1239.75903
4-11-19-10,32.207489,104.111615,Fault,Fault,338,85,1239.208298
4-11-19-10,32.207483,104.111585,Fault,Fault,38,73,1239.241313
4-11-19-10,32.207476,104.111555,Fault,Fault,323,86,1238.526882
4-11-19-10,32.207445,104.111469,D,Cleavage,38,71,1236.662874
4-11-19-10,32.207353,104.111377,D,Cleavage,355,68,1237.018109
4-11-19-10,32.203098,104.113194,D,Bedding,20,60,1243.87675
4-11-19-11,32.22559,104.108678,D,Bedding,58,56,1277.40378
4-11-19-11,32.225612,104.108649,D,Bedding,20,81,1275.64521
4-11-19-12,32.22877,104.113278,D,Cleavage,0,31,1371.728661
4-11-19-12,32.229121,104.111679,Fault,Fault,340,75,1292.925109
4-11-19-12,32.229137,104.111306,Fault,Fault,340,79,1291.167071
4-11-19-12,32.22897,104.111226,D,Cleavage,9,75,1291.219248
4-11-19-12,32.228959,104.111196,D,Cleavage,338,69,1290.023944
4-11-19-12,32.228966,104.111217,D,Cleavage,355,77,1290.239629
4-11-19-13,32.136469,104.145265,Fault,Fault,234,64,1213.277331
4-11-19-13,32.136467,104.145225,Fault,Fault,241,65,1213.200996
4-11-19-13,32.136446,104.14513,Fault,Fault,231,89,1204.46711
4-11-19-13,32.136399,104.145297,Fault,Fault,198,36,1207.542793
4-11-19-13,32.136363,104.145265,S,Cleavage,280,89,1211.138863
4-11-19-13,32.136077,104.14513,S,Cleavage,110,89,1208.953194
4-11-19-13,32.135577,104.14491,S,Cleavage,82,66,1194.298286
4-11-19-14,32.121761,104.132981,Fault,Fault,270,83,1256.008492
4-11-19-14,32.121761,104.132981,Fault,Fault,288,82,1256.008492
4-11-19-14,32.121761,104.132981,Fault,Fault,272,86,1256.008492
4-11-19-14,32.121593,104.133003,Fault,Fault,264,71,1256.276924
4-11-19-14,32.121622,104.132779,Fault,Fault,220,65,1251.842476
4-11-19-14,32.117811,104.1387,S,Cleavage,248,72,1181.004341
4-11-19-14,32.117799,104.13877,S,Cleavage,244,77,1182.2696
4-11-19-14,32.124452,104.1386,S,Cleavage,359,83,1204.585449
4-12-19-1,31.836175,104.224015,S,Foliation,252,49,807.363819
4-12-19-1,31.836104,104.224096,S,Foliation,270,53,806.627859
4-12-19-1,31.838461,104.235409,S,Foliation,260,43,798.220411
4-12-19-1,31.8368,104.248408,S,Foliation,250,62,817.924873
4-12-19-1,31.836023,104.249016,S,Foliation,257,51,813.635567
4-12-19-1,31.836749,104.252517,S,Foliation,269,42,797.773872
4-12-19-1,31.837528,104.257211,S,Foliation,252,51,799.652901
4-12-19-1,31.838223,104.263221,S,Foliation,244,52,796.1092
4-12-19-1,31.846366,104.269513,Fault,Fault,275,72,788.848213
4-12-19-1,31.8463,104.269511,S,Cleavage,237,46,792.112251
4-12-19-1,31.859992,104.282447,S,Cleavage,281,48,762.919502
4-12-19-1,31.859993,104.28248,S,Foliation,275,34,763.257027
4-12-19-2,31.811406,104.166899,S,Cleavage,238,62,896.366516
4-12-19-2,31.804896,104.166938,S,Cleavage,246,57,881.080383
4-12-19-2,31.805078,104.16668,Fault,Fault,49,84,902.351135
4-12-19-2,31.804733,104.167402,Fault,Fault,237,57,892.279114
4-12-19-2,31.805093,104.166653,S,Foliation,274,33,891.747864
4-12-19-2,31.804317,104.17601,S,Foliation,252,72,870.263977
4-12-19-2,31.821298,104.198603,S,Foliation,247,59,842.614929
4-12-19-3,31.831026,104.159103,Fault,Fault,284,63,919.532166
4-12-19-3,31.831076,104.159101,Fault,Fault,3,64,918.877502
4-12-19-3,31.831076,104.159101,Fault,Fault,336,69,918.877502
4-12-19-3,31.831076,104.159101,Fault,Fault,1,79,918.877502
4-12-19-3,31.831076,104.159101,Fault,Fault,250,60,918.877502
4-12-19-3,31.830995,104.159189,S,Foliation,224,55,916.590881
4-12-19-3,31.830992,104.159231,S,Cleavage,227,68,915.937317
4-12-19-4,31.835856,104.157314,S,Cleavage,222,88,929.417559
4-12-19-4,31.835856,104.157314,S,Cleavage,223,88,929.417559
4-12-19-4,31.835856,104.157314,S,Cleavage,61,87,929.417559
4-12-19-4,31.835856,104.157314,S,Cleavage,209,70,929.417559
4-12-19-4,31.835856,104.157314,S,Cleavage,198,62,929.417559
4-12-19-5,31.846174,104.155432,S,Cleavage,249,80,939.159241
4-12-19-6,31.870307,104.13919,S,Cleavage,262,67,963.597473
4-12-19-6,31.860581,104.146754,S,Cleavage,201,86,952.063661
4-12-19-7,31.885417,104.131195,S,Cleavage,243,59,969.643372
4-12-19-7,31.885327,104.131173,S,Cleavage,222,60,967.812317
4-12-19-7,31.882469,104.131412,S,Cleavage,259,72,952.848816
4-12-19-8,31.900801,104.107813,S,Foliation,265,87,1007.886543
4-12-19-8,31.90111,104.107742,S,Cleavage,275,79,993.711121
4-12-19-8,31.893731,104.115988,S,Cleavage,283,74,989.492084
4-12-19-8,31.89334,104.116033,S,Cleavage,286,65,989.909117
4-12-19-9,31.9143,104.071297,S,Cleavage,254,75,1041.4496
4-12-19-9,31.914325,104.071409,S,Cleavage,289,74,1037.601456
4-12-19-9,31.907385,104.081596,S,Cleavage,263,80,1032.887344
4-12-19-10,31.923825,104.075729,S,Cleavage,262,80,1040.023331
4-12-19-10,31.916986,104.071744,S,Cleavage,298,82,1044.547867
4-12-19-10,31.916951,104.071397,Fault,Fault,144,58,1065.448135
4-12-19-10,31.916945,104.071431,Fault,Fault,135,68,1066.273819
4-12-19-10,31.916625,104.0708,Fault,Fault,21,71,1174.167984
4-12-19-10,31.916795,104.070573,Fault,Fault,51,84,1226.788101
4-12-19-11,31.943653,104.074972,S,Cleavage,290,80,1081.835587
4-12-19-11,31.943671,104.07511,S,Cleavage,291,79,1082.860367
4-12-19-11,31.943477,104.075173,Fault,Fault,144,68,1082.450943
4-12-19-11,31.94347,104.075257,Fault,Fault,142,74,1084.459732
4-12-19-11,31.943474,104.075247,Fault,Fault,137,72,1084.968399
4-12-19-12,31.947143,104.071245,S,Cleavage,113,80,1078.931412
4-12-19-12,31.947011,104.071464,S,Cleavage,117,63,1099.919815
4-12-19-13,31.969755,104.068171,S,Cleavage,249,63,1116.049332
4-12-19-14,31.984996,104.060473,S,Cleavage,236,78,1133.493057
4-12-19-14,31.97725,104.064731,S,Cleavage,90,88,1119.365616
4-12-19-14,31.977039,104.064908,S,Cleavage,111,82,1121.702652
4-12-19-15,32.00194,104.046822,S,Cleavage,190,78,1173.637684
4-12-19-15,32.002047,104.046728,S,Foliation,310,89,1176.918446
4-12-19-15,32.001874,104.046765,S,Cleavage,178,83,1177.533924
4-12-19-15,31.998434,104.051382,S,Cleavage,300,86,1148.984904
4-12-19-15,31.998533,104.051351,Fault,Fault,140,88,1150.707456
4-12-19-15,31.998576,104.051339,Fault,Fault,128,84,1151.783644
4-12-19-15,31.998445,104.051489,S,Foliation,315,86,1156.369522
4-12-19-15,31.990374,104.057282,S,Cleavage,245,71,1124.037247
4-12-19-16,32.012245,104.031794,S,Cleavage,245,64,1196.921131
4-12-19-16,32.012259,104.031835,S,Cleavage,163,68,1198.930408
4-12-19-16,32.011558,104.0319,Fault,Fault,301,77,1200.42223
4-12-19-16,32.011926,104.031868,Fault,Fault,14,48,1199.313099
4-12-19-16,32.011999,104.031579,Fault,Fault,312,69,1195.652821
4-12-19-16,32.011889,104.03188,Fault,Fault,199,47,1190.940296
4-12-19-16,32.011982,104.032212,Fault,Fault,314,85,1202.417103
4-12-19-16,32.011979,104.032217,Fault,Cleavage,315,89,1205.642811
4-12-19-16,32.011929,104.032302,S,Cleavage,208,86,1209.571156
4-12-19-17,32.021305,104.021854,D,Cleavage,187,86,1223.715203
4-12-19-17,32.021352,104.021865,D,Bedding,197,52,1224.014217
4-12-19-17,32.021312,104.021772,D,Cleavage,9,87,1224.497175
4-12-19-17,32.021252,104.021796,S,Cleavage,202,84,1224.166061
4-12-19-18,32.023573,104.017856,D,Foliation,170,85,1239.115833
4-12-19-18,32.023361,104.018041,D,Cleavage,164,85,1236.587879
4-12-19-18,32.023384,104.018172,D,Cleavage,36,88,1227.438587
4-12-19-18,32.02279,104.019229,Fault,Fault,140,71,1275.231068
4-12-19-18,32.02279,104.019229,Fault,Fault,156,80,1275.231068
4-12-19-18,32.022705,104.019416,Fault,Fault,39,83,1268.56432
4-12-19-18,32.022785,104.019423,Fault,Fault,9,83,1245.687733
4-12-19-18,32.022967,104.019248,D,Cleavage,357,86,1236.458702
4-12-19-19,32.036605,104.009803,D,Bedding,133,89,1275.794178
4-12-19-19,32.036605,104.009803,D,Cleavage,340,81,1275.794178
4-12-19-20,32.044281,104.010197,Fault,Fault,222,31,1310.211903
4-12-19-20,32.044271,104.01007,D,Axial plane,3,89,1324.897572
4-12-19-20,32.044172,104.010297,D,Axial plane,358,87,1312.384266
4-12-19-20,32.044077,104.010288,D,Bedding,154,89,1314.816517
4-12-19-21,32.053937,103.998919,D,Cleavage,207,89,1354.346424
4-12-19-21,32.053914,103.998908,D,Cleavage,204,89,1354.151112
4-12-19-21,32.045783,104.006631,Fault,Fault,318,85,1341.864735
4-12-19-21,32.045814,104.007149,D,Cleavage,13,70,1341.331409
4-12-19-21,32.045754,104.007192,D,Cleavage,20,70,1339.812489
4-12-19-21,32.045799,104.007197,D,Axial plane,347,65,1342.143055
4-12-19-21,32.04586,104.007251,D,Bedding,336,74,1346.49889
4-12-19-21,32.045636,104.007426,Fault,Fault,166,78,1333.802967
4-12-19-22,32.064274,103.981401,D,Cleavage,37,83,1485.186047
4-12-19-22,32.057881,103.990954,D,Cleavage,205,87,1426.278576
4-13-19-1,31.798412,104.159809,S,Foliation,241,63,903.67593
4-13-19-1,31.798525,104.159891,S,Foliation,237,61,904.999084
4-13-19-2,31.797956,104.150415,S,Cleavage,253,68,932.215359
4-13-19-3,31.770909,104.096112,S,Cleavage,240,66,1035.836441
4-13-19-3,31.77203,104.094372,S,Cleavage,259,57,1021.521255
4-13-19-3,31.77173,104.094728,S,Foliation,250,66,1027.378433
4-13-19-3,31.790708,104.116154,S,Foliation,235,89,988.472927
4-13-19-4,31.75586,103.993926,Fault,Fault,278,81,1270.737881
4-13-19-4,31.755883,103.993809,Fault,Fault,273,87,1251.467373
4-13-19-4,31.755737,103.993896,S,Cleavage,269,61,1260.498867
4-13-19-5,31.698388,103.866263,Fault,Axial plane,201,68,1633.103851
4-13-19-5,31.698388,103.866263,Fault,Axial plane,198,66,1633.103851
4-13-19-5,31.698347,103.866032,Fault,Fault,107,88,1634.255463
4-13-19-5,31.699228,103.868857,Fault,Fault,244,73,1653.864838
4-13-19-5,31.699228,103.868857,Fault,Fault,234,67,1653.864838
4-13-19-5,31.699228,103.868857,Fault,Fault,248,84,1653.864838
4-13-19-5,31.699228,103.868857,Fault,Fault,255,79,1653.864838
4-13-19-5,31.699228,103.868857,Fault,Fault,275,87,1653.864838
4-13-19-5,31.699228,103.868857,Fault,Fault,88,69,1653.864838
4-13-19-5,31.699228,103.868857,Fault,Fault,88,65,1653.864838
4-13-19-5,31.699228,103.868857,Fault,Fault,97,82,1653.864838
4-13-19-5,31.699228,103.868857,Fault,Fault,97,61,1653.864838
4-13-19-5,31.72567,103.928896,S,Cleavage,209,68,1606.535576
4-13-19-6,31.692215,103.832055,Fault,Fault,199,39,1782.896484
4-13-19-6,31.692187,103.832764,S,Cleavage,240,73,1745.546967
4-13-19-6,31.692352,103.833009,S,Axial plane,236,72,1737.907074
4-13-19-6,31.692044,103.832753,S,Cleavage,265,69,1718.93808
4-13-19-7,31.703229,103.850916,S,Foliation,244,69,1576.644186
4-13-19-7,31.703251,103.850884,Fault,Fault,27,43,1574.687107
4-13-19-7,31.703266,103.850928,Fault,Fault,21,54,1580.621311
4-13-19-7,31.703492,103.851154,S,Bedding,263,67,1575.589884
4-13-19-8,31.715446,103.852791,S,Cleavage,281,67,1570.307957
4-13-19-8,31.715481,103.852856,S,Cleavage,117,55,1567.717258
4-13-19-8,31.715377,103.852887,S,Cleavage,275,70,1573.219212
4-13-19-8,31.715025,103.85333,S,Foliation,259,67,1575.390232
4-13-19-8,31.714936,103.854136,S,Foliation,97,84,1598.268162
4-13-19-8,31.714943,103.853556,S,Bedding,214,79,1572.934666
4-13-19-8,31.714837,103.853119,S,Axial plane,65,89,1568.568577
4-13-19-8,31.71481,103.853123,S,Axial plane,260,70,1569.677586
4-13-19-8,31.7152,103.854204,S,Foliation,261,72,1546.259739
4-13-19-9,31.733761,103.844254,Cam,Foliation,100,78,1575.328831
4-13-19-9,31.733755,103.84441,S,Foliation,98,63,1575.358372
4-13-19-10,31.760635,103.822172,Cam,Foliation,295,50,1588.559145
4-13-19-10,31.760843,103.821871,Cam,Foliation,299,52,1582.949296
4-13-19-11,31.76595,103.809915,S,Foliation,249,85,1605.316999
4-13-19-11,31.765956,103.809904,Fault,Fault,247,71,1606.005556
4-13-19-11,31.765914,103.809934,Fault,Fault,255,70,1608.239611
4-13-19-11,31.765944,103.809989,Fault,Fault,217,62,1600.280613
4-13-19-11,31.765957,103.809898,Fault,Fault,257,71,1598.201267
4-13-19-11,31.766028,103.809913,Fault,Fault,256,79,1591.901463
4-13-19-12,31.783255,103.759563,Fault,Fault,262,64,1613.80232
4-13-19-12,31.783255,103.759563,S,Cleavage,231,82,1613.80232
4-13-19-12,31.78322,103.759513,S,Axial plane,226,78,1615.227583
4-14-19-1,32.170732,103.736242,Tr,Cleavage,76,10,2371.06532
4-14-19-1,32.170707,103.736237,Tr,Cleavage,75,23,2371.604476
4-14-19-1,32.17071,103.736226,Tr,Bedding,61,24,2370.897104
4-14-19-1,32.170746,103.736256,Tr,Cleavage,61,35,2369.489632
4-14-19-1,32.170737,103.736364,Tr,Bedding,59,23,2369.185643
4-14-19-2,32.179348,103.761964,Tr,Overturned bedding,32,40,2399.521799
4-14-19-2,32.176798,103.764401,Tr,Cleavage,310,28,2438.34448
4-14-19-2,32.176778,103.764413,Tr,Overturned bedding,7,21,2436.915333
4-14-19-2,32.182793,103.760799,Tr,Cleavage,59,20,2352.839604
4-14-19-2,32.182795,103.760804,Tr,Bedding,37,32,2352.898354
4-14-19-2,32.182868,103.76079,Tr,Bedding,2,34,2356.158332
4-14-19-3,32.165243,103.771273,Fault,Fault,88,59,2709.509681
4-14-19-3,32.166738,103.774421,Fault,Fault,59,32,2708.323952
4-14-19-3,32.167004,103.774319,Tr,Bedding,44,32,2710.389736
4-14-19-3,32.167003,103.77424,Fault,Fault,68,44,2715.430019
4-14-19-3,32.167025,103.77422,Fault,Fault,273,57,2716.401699
4-14-19-4,32.165519,103.775617,Tr,Cleavage,24,17,2706.978603
4-14-19-4,32.165367,103.77553,Tr,Bedding,23,34,2707.281582
4-14-19-5,32.221101,103.78169,Tr,Cleavage,32,27,2535.177938
4-14-19-5,32.221093,103.781711,Tr,Overturned bedding,22,51,2535.423508
4-14-19-5,32.221068,103.781723,Tr,Overturned bedding,30,55,2535.491069
4-14-19-6,32.251544,103.753988,Tr,Bedding,99,46,2467.903943
4-14-19-6,32.251544,103.753988,Fault,Fault,356,24,2467.903943
4-14-19-6,32.251544,103.753988,Tr,Bedding,334,65,2467.903943
4-14-19-6,32.251544,103.753988,Tr,Bedding,101,46,2467.903943
4-14-19-7,32.285186,103.736344,Tr,Bedding,8,26,2456.888722
4-14-19-7,32.284381,103.73585,Fault,Fault,132,65,2458.035241
4-14-19-7,32.284208,103.735891,Fault,Fault,125,83,2455.526712
4-14-19-8,32.30033,103.72451,Fault,Fault,116,70,2479.598981
4-14-19-8,32.298984,103.726857,Tr,Bedding,332,37,2496.213197
4-14-19-8,32.298894,103.727091,Fault,Fault,307,25,2495.50407
4-14-19-8,32.29889,103.727086,Fault,Fault,55,47,2494.644719
4-14-19-8,32.298875,103.72715,Tr,Bedding,328,32,2494.251718
4-14-19-8,32.298912,103.727151,Tr,Bedding,336,35,2493.857005
4-14-19-8,32.298871,103.727173,Fault,Fault,92,43,2493.086489
4-14-19-8,32.298871,103.727173,Fault,Fault,93,55,2493.086489
4-14-19-9,32.320224,103.720324,Tr,Cleavage,80,62,2512.051113
4-14-19-9,32.319934,103.720359,Fault,Fault,118,44,2471.953213
4-14-19-9,32.319972,103.720346,Fault,Fault,127,89,2475.949209
4-14-19-9,32.319979,103.720939,Fault,Fault,123,87,2421.710293
4-14-19-9,32.318836,103.720327,Fault,Fault,119,79,2472.548428
4-14-19-10,32.322203,103.716061,Fault,Fault,337,59,2494.814297
4-15-19-1,31.087055,103.485546,Pt,Fault,105,75,933.66777
4-15-19-1,31.087105,103.485528,Pt,Plane Type 3,75,72,935.758469
4-15-19-3,31.786406,103.757201,S,Foliation,249,84,1636.63129
4-15-19-3,31.786606,103.757464,S,Foliation,68,79,1663.851749
4-15-19-3,31.785402,103.757938,Fault,Fault,246,86,1666.134953
4-15-19-3,31.788635,103.765054,Fault,Fault,78,86,1646.991398
4-15-19-3,31.788635,103.765054,Fault,Fault,264,85,1642.500618
4-15-19-3,31.788635,103.765054,S,Axial plane,270,44,1641.822009
4-15-19-4,31.968932,103.675961,Tr,Bedding,50,70,2111.903888
4-15-19-4,31.969278,103.675868,Fault,Fault,260,68,2121.902027
4-15-19-4,31.969278,103.675868,Fault,Fault,258,66,2121.902027
4-15-19-4,31.969283,103.675852,Fault,Fault,262,61,2124.319752
4-15-19-4,31.969337,103.675861,Fault,Fault,70,62,2114.188607
4-15-19-4,31.969337,103.675861,Fault,Fault,75,70,2114.188607
4-15-19-4,31.969346,103.675919,Fault,Fault,75,50,2114.117603
4-15-19-4,31.969183,103.675911,Tr,Bedding,49,71,2118.263355
4-15-19-5,32.318539,103.720439,Fault,Fault,97,76,2470.36874
4-15-19-5,32.318548,103.720451,Fault,Fault,350,78,2477.81918
4-15-19-5,32.318547,103.720425,Fault,Fault,351,63,2481.637295
4-15-19-5,32.318522,103.720255,Fault,Fault,111,72,2486.737637
4-15-19-5,32.318527,103.720274,Fault,Fault,333,76,2485.60873
4-15-19-5,32.313496,103.720264,Tr,Bedding,103,75,2488.902099
4-15-19-6,32.321677,103.71632,Tr,Foliation,16,38,2491.720306
4-15-19-6,32.321619,103.716347,Tr,Cleavage,24,34,2494.041178
4-15-19-6,32.321705,103.716263,Fault,Fault,325,65,2492.366277
4-15-19-6,32.3221,103.716133,Tr,Foliation,48,43,2484.630799
4-16-19-1,32.749287,103.648272,Fault,Fault,2,57,3363.296406
4-16-19-1,32.74929,103.648292,Fault,Fault,6,57,3364.979786
4-16-19-1,32.749509,103.648315,Fault,Fault,60,76,3362.527271
4-16-19-1,32.749538,103.648402,Fault,Fault,65,70,3363.105411
4-16-19-2,32.750913,103.681801,Fault,Fault,76,84,3746.759047
4-16-19-2,32.750926,103.681795,Fault,Fault,75,87,3750.011756
4-16-19-3,32.74052,103.701018,Fault,Fault,113,69,3902.583008
4-16-19-3,32.740519,103.701079,Fault,Fault,84,82,3901.170348
4-16-19-4,32.760435,103.8464,Fault,Fault,283,86,3016.728086
4-16-19-4,32.759387,103.846067,Fault,Fault,273,88,3025.071081
4-16-19-5,32.761687,103.851981,Fault,Fault,102,81,2989.974966
4-16-19-5,32.761723,103.851974,Fault,Fault,276,88,2989.980178
4-16-19-5,32.761735,103.851955,S,Bedding,1,18,2990.073756
4-16-19-6,32.771168,103.920428,Fault,Fault,10,74,2733.706752
4-16-19-6,32.771171,103.920362,Fault,Fault,100,88,2733.678316
4-16-19-6,32.771208,103.920404,S,Foliation,266,65,2734.570152
4-16-19-6,32.771281,103.920422,S,Foliation,282,88,2733.595908
4-16-19-6,32.771181,103.920441,Fault,Fault,10,75,2732.50888
4-16-19-7,32.725472,104.023193,Fault,Fault,93,59,2114.281746
4-16-19-7,32.72508,104.023082,P,Bedding,89,77,2155.371346
4-16-19-7,32.725114,104.023103,P,Bedding,76,80,2158.625252
4-16-19-7,32.72477,104.022919,Fault,Fault,131,57,2168.942879
4-16-19-7,32.724782,104.022901,Fault,Fault,130,68,2171.071053
4-16-19-7,32.724758,104.022862,Fault,Fault,135,68,2171.631844
4-16-19-8,32.700875,104.056522,P,Bedding,104,80,1810.787976
4-16-19-8,32.701378,104.056266,Fault,Fault,53,89,1814.645275
4-16-19-9,32.689899,104.064725,Fault,Fault,122,69,1724.141666
4-16-19-9,32.689737,104.064311,D,Foliation,23,65,1752.718854
4-16-19-9,32.689782,104.064656,D,Foliation,329,69,1752.338154
4-16-19-10,32.671675,104.086946,D,Bedding,98,74,1674.714681
4-16-19-10,32.671736,104.086991,D,Bedding,77,77,1675.026228
4-16-19-11,32.569788,104.128114,Fault,Fault,171,89,1365.329118
4-16-19-11,32.569583,104.12809,Tr,Bedding,171,83,1378.418068
4-17-19-1,32.447767,104.897861,Cam,Foliation,319,49,912.190643
4-17-19-1,32.447766,104.897882,Cam,Foliation,303,74,911.967377
4-17-19-1,32.447816,104.897865,Fault,Fault,276,35,908.286947
4-17-19-1,32.447813,104.897863,Fault,Fault,268,50,907.405018
4-17-19-2,32.49123,104.932366,Fault,Fault,110,86,834.1026
4-17-19-2,32.491384,104.932053,Fault,Fault,344,70,828.207247
4-17-19-2,32.49138,104.932052,Fault,Fault,65,35,828.363812
4-17-19-2,32.491378,104.932046,S,Foliation,250,57,826.415619
4-17-19-2,32.491392,104.932046,S,Foliation,69,47,827.705414
4-17-19-3,32.524698,105.010194,Pt,Foliation,263,88,875.788461
4-17-19-3,32.524617,105.009979,Pt,Foliation,105,89,869.128569
4-17-19-4,32.641164,105.173385,Pt,Foliation,66,87,981.719002
4-17-19-4,32.64133,105.174054,Fault,Fault,249,80,991.925056
4-17-19-4,32.641561,105.173512,Pt,Foliation,255,88,996.520271
4-17-19-4,32.641094,105.173847,Pt,Foliation,247,82,996.860603
4-17-19-4,32.641054,105.173618,Fault,Foliation,248,77,991.666023
4-21-19-1,32.259804,105.436455,J,Bedding,56,27,641.678539
4-21-19-2,32.269297,105.463424,J,Bedding,63,30,557.503067
4-21-19-3,32.259157,105.517494,J,Bedding,61,21,521.081184
4-21-19-4,32.24939,105.516444,J,Bedding,65,13,565.239693
4-21-19-5,32.217789,105.50697,J,Bedding,61,30,600.27918
4-21-19-6,32.191724,105.509656,K,Bedding,62,8,685.999842
4-21-19-7,32.130427,105.475865,K,Bedding,121,9,769.346597
4-21-19-7,32.13043,105.475871,K,Bedding,124,9,769.467587
4-21-19-8,32.142525,105.505475,K,Bedding,304,4,837.96344
4-21-19-8,32.139407,105.502104,K,Bedding,83,11,831.915264
4-21-19-8,32.139407,105.502126,K,Bedding,30,8,831.0471
4-21-19-9,32.149364,105.527959,K,Bedding,91,4,819.422902
4-21-19-9,32.149345,105.527964,K,Bedding,95,6,820.840568
4-21-19-10,32.205291,105.564891,K,Bedding,83,12,757.022634
4-21-19-10,32.205291,105.564891,K,Bedding,117,21,757.022634
4-21-19-10,32.205291,105.564891,K,Bedding,121,19,757.022634
4-21-19-10,32.204712,105.565117,K,Bedding,18,11,761.114588
4-21-19-10,32.204716,105.565109,K,Bedding,25,15,761.442461
4-21-19-10,32.182211,105.558659,K,Bedding,189,3,790.842473
4-21-19-10,32.182351,105.558851,K,Bedding,225,7,786.473738
4-21-19-10,32.182337,105.558816,K,Bedding,199,11,787.630805
4-21-19-11,32.292786,105.483878,J,Bedding,64,36,515.646937
4-21-19-11,32.291529,105.48521,J,Bedding,66,25,513.367674
4-21-19-11,32.291459,105.485227,J,Bedding,32,29,516.187817
4-21-19-12,32.301567,105.46979,Tr,Bedding,52,78,516.074516
4-21-19-12,32.30103,105.470334,Tr,Bedding,52,63,520.674102
4-21-19-12,32.300138,105.47228,Tr,Bedding,53,62,537.647915
4-21-19-13,32.303988,105.468338,Tr,Bedding,42,82,516.746772
4-21-19-13,32.303995,105.4683,Tr,Bedding,44,84,516.342266
4-22-19-1,32.308681,105.465017,Tr,Bedding,215,85,524.800625
4-22-19-1,32.308736,105.464673,Tr,Bedding,223,89,528.12415
4-22-19-2,32.311107,105.462739,Tr,Bedding,46,88,535.915249
4-22-19-3,32.314919,105.459715,P,Bedding,225,70,583.642178
4-22-19-3,32.313995,105.460436,Tr,Bedding,213,75,572.617764
4-22-19-3,32.312721,105.460612,Tr,Overturned bedding,235,29,566.918396
4-22-19-4,32.317468,105.457321,Tr,Bedding,49,53,618.392454
4-22-19-4,32.317336,105.457522,Tr,Bedding,58,47,620.263416
4-22-19-4,32.317161,105.457568,Fault,Fault,37,29,633.70956
4-22-19-5,32.319538,105.455128,P,Bedding,42,43,644.791348
4-22-19-5,32.319435,105.455169,Tr,Bedding,37,46,638.227749
4-22-19-5,32.319431,105.455198,Tr,Bedding,45,44,639.320766
4-22-19-6,32.32494,105.453006,C,Bedding,34,32,676.837734
4-22-19-6,32.322032,105.452624,C,Bedding,48,39,669.410697
4-22-19-7,32.328113,105.455268,C,Bedding,202,38,733.081797
4-22-19-7,32.326387,105.453831,C,Bedding,31,34,699.138197
4-22-19-8,32.327095,105.45081,Cam,Bedding,18,31,755.043657
4-22-19-8,32.32708,105.450765,Cam,Bedding,328,28,755.000644
4-22-19-8,32.327142,105.450567,Cam,Bedding,289,7,757.593838
4-22-19-8,32.327012,105.450542,Cam,Bedding,270,11,761.34164
4-22-19-8,32.324754,105.451544,C,Bedding,169,30,717.273158
4-22-19-9,32.330119,105.444957,Cam,Bedding,222,36,897.527521
4-22-19-9,32.329679,105.446977,Cam,Bedding,217,38,857.35204
4-22-19-9,32.330813,105.448563,Cam,Bedding,202,39,847.546963
4-22-19-9,32.328397,105.450739,Cam,Bedding,57,88,810.348965
4-22-19-9,32.328319,105.450777,Cam,Bedding,235,35,810.67416
4-22-19-9,32.328913,105.451375,Cam,Bedding,46,89,798.517422
4-22-19-9,32.329534,105.451329,Cam,Bedding,155,15,789.705118
4-22-19-9,32.330211,105.451699,Cam,Bedding,205,15,785.62104
4-22-19-9,32.330111,105.451684,Cam,Bedding,113,7,785.769679
4-22-19-10,32.335206,105.448087,Cam,Bedding,221,40,951.73398
4-22-19-11,32.338328,105.449735,O,Bedding,222,43,928.325771
4-22-19-12,32.350005,105.449318,D,Bedding,237,62,812.705576
4-22-19-12,32.344925,105.445745,C,Bedding,241,65,824.509853
4-22-19-12,32.344935,105.445749,C,Bedding,232,65,822.094326
4-22-19-12,32.341895,105.445635,C,Bedding,234,27,882.507007
4-22-19-12,32.340351,105.44574,D,Bedding,227,70,899.626098
4-22-19-13,32.336255,105.421875,C,Bedding,221,76,791.670498
4-22-19-13,32.336255,105.421875,Tr,Bedding,219,74,791.670498
4-22-19-14,32.343419,105.419705,Cam,Bedding,297,38,872.743855
4-22-19-14,32.342575,105.420337,O,Bedding,41,81,869.248754
4-22-19-14,32.340636,105.420793,D,Bedding,56,89,843.800648
4-22-19-15,32.344916,105.419033,Cam,Overturned bedding,210,84,881.427444
4-22-19-15,32.344793,105.419133,Cam,Bedding,207,79,882.635421
4-22-19-15,32.34476,105.419122,Cam,Bedding,199,74,882.425984
4-22-19-16,32.35897,105.421849,Cam,Bedding,218,44,1012.629509
4-22-19-17,32.36225,105.42461,J,Bedding,48,86,1180.759439
4-22-19-17,32.361548,105.424369,J,Bedding,30,74,1129.418673
4-22-19-17,32.36159,105.423275,J,Bedding,223,88,1116.514204
4-22-19-17,32.361054,105.423055,J,Bedding,32,62,1065.201329
4-22-19-17,32.361047,105.423028,J,Bedding,44,55,1065.752583
4-22-19-18,32.052057,105.089247,J,Bedding,90,16,641.533233
4-22-19-18,32.052037,105.089244,J,Bedding,100,35,640.255231
4-22-19-19,31.875806,104.730106,J,Bedding,238,48,607.053197
4-22-19-20,31.878059,104.72881,P,Bedding,229,45,632.521152
4-22-19-20,31.877894,104.728753,P,Bedding,215,48,632.148722
4-22-19-21,31.858385,104.736175,J,Bedding,209,14,590.342002
4-22-19-21,31.858367,104.736156,J,Bedding,203,32,590.54769
4-22-19-22,31.826109,104.753944,J,Bedding,73,40,569.996318
4-22-19-22,31.826094,104.75395,J,Bedding,109,35,568.813176
4-25-19-1,31.991479,104.636352,Fault,Fault,254,56,653.572998
4-25-19-1,31.991479,104.636352,Fault,Fault,252,56,653.572998
4-25-19-1,31.991463,104.636305,S,Cleavage,253,29,651.369873
4-25-19-1,31.99145,104.63634,S,Cleavage,271,31,644.146973
4-25-19-2,31.993601,104.639617,Fault,Fault,42,89,657.233643
4-25-19-2,31.993598,104.639621,Fault,Fault,219,88,657.656982
4-25-19-2,31.993567,104.639606,Fault,Fault,232,83,658.666504
4-25-19-2,31.993538,104.639583,Fault,Fault,87,69,657.969604
4-25-19-2,31.993522,104.639598,Fault,Fault,97,60,658.51709
4-25-19-2,31.993399,104.639467,Fault,Fault,55,86,661.627319
4-25-19-2,31.993409,104.639465,Fault,Fault,230,83,660.93689
4-25-19-2,31.993418,104.639466,Fault,Fault,242,57,661.517456
4-25-19-2,31.992771,104.638582,Fault,Fault,6,89,665.079346
4-25-19-2,31.992677,104.638485,Fault,Fault,274,52,655.149536
4-25-19-2,31.992532,104.638402,Fault,Fault,186,88,656.308228
4-25-19-2,31.992585,104.638399,Fault,Fault,23,76,650.161011
4-25-19-2,31.992877,104.638336,Fault,Fault,5,44,660.310181
4-25-19-2,31.992423,104.637646,Fault,Fault,349,74,656.561768
4-25-19-2,31.992432,104.637651,Fault,Fault,16,42,657.632568
4-25-19-2,31.992424,104.637667,Fault,Fault,24,38,658.859009
4-25-19-2,31.992461,104.637651,Fault,Fault,35,50,659.870239
4-25-19-2,31.992461,104.637651,Fault,Fault,38,64,659.870239
4-25-19-2,31.992448,104.637654,Fault,Fault,14,31,660.221191
4-25-19-2,31.992472,104.637585,Fault,Fault,18,47,656.799683
4-25-19-2,31.992254,104.637544,Fault,Fault,188,65,654.162109
4-25-19-2,31.992363,104.63761,Fault,Fault,348,72,651.76062
4-25-19-2,31.992407,104.63774,S,Cleavage,352,40,653.794434
4-25-19-2,31.992509,104.638017,Fault,Fault,312,39,659.464722
4-25-19-2,31.992749,104.638424,Fault,Fault,287,40,656.708374
4-25-19-2,31.976346,104.651281,D,Bedding,41,51,618.289453
4-25-19-2,31.976357,104.651287,D,Bedding,30,50,617.834367
4-25-19-3,32.073481,104.684087,S,Bedding,264,47,701.074501
4-25-19-3,32.073494,104.684053,S,Bedding,282,57,701.316506
4-25-19-3,32.073457,104.684061,S,Bedding,267,38,700.165641
4-25-19-3,32.073506,104.684036,S,Bedding,281,51,698.929491
4-25-19-4,32.075335,104.677627,S,Bedding,250,42,705.360149
4-25-19-5,32.08498,104.66815,S,Bedding,221,50,737.084947
4-25-19-5,32.085042,104.668145,S,Bedding,244,47,737.472734
4-25-19-6,32.086139,104.663495,S,Bedding,202,46,759.522826
4-25-19-6,32.086084,104.663668,Fault,Fault,243,89,758.073993
4-25-19-6,32.086127,104.663732,Fault,Fault,261,82,757.79118
4-25-19-6,32.086129,104.663734,Fault,Fault,258,77,757.506268
4-25-19-6,32.086133,104.663677,Fault,Fault,256,79,753.786663
4-25-19-6,32.08614,104.66368,Fault,Fault,66,86,753.647259
4-25-19-6,32.086131,104.663666,Fault,Fault,349,82,753.631512
4-25-19-6,32.086131,104.663666,Fault,Fault,71,86,753.631512
4-25-19-6,32.086131,104.663666,Fault,Fault,255,89,753.631512
4-25-19-6,32.086134,104.663649,Fault,Fault,273,79,753.481487
4-25-19-6,32.086133,104.663601,Fault,Fault,302,69,754.509808
4-25-19-6,32.08619,104.663507,Fault,Fault,247,78,754.096478
4-25-19-6,32.086166,104.663576,Fault,Fault,241,74,754.183392
4-25-19-6,32.086146,104.663553,Fault,Fault,248,68,753.732464
4-25-19-6,32.086136,104.663538,Fault,Fault,276,85,753.560345
4-25-19-6,32.086136,104.663538,Fault,Fault,278,85,753.560345
4-25-19-6,32.086126,104.663538,Fault,Fault,272,89,751.27055
4-25-19-6,32.086155,104.663523,Fault,Fault,276,86,753.701458
4-25-19-6,32.086134,104.663524,S,Bedding,177,32,756.197552
4-25-19-6,32.08614,104.663433,S,Bedding,179,32,752.753582
4-25-19-7,32.084292,104.653185,Fault,Fault,215,72,743.638348
4-25-19-7,32.084318,104.653152,S,Bedding,234,67,742.779827
4-25-19-7,32.08433,104.653168,S,Bedding,228,67,745.696087
4-25-19-8,32.082372,104.639092,S,Bedding,218,72,754.547527
4-25-19-8,32.082148,104.639344,S,Bedding,218,89,753.960491
4-25-19-8,32.082054,104.639474,S,Bedding,224,60,757.753948
4-25-19-8,32.081942,104.639735,S,Bedding,210,72,763.529095
4-25-19-8,32.08183,104.639828,Fault,Fault,13,81,766.803509
4-25-19-8,32.081844,104.639843,Fault,Fault,13,85,759.937542
4-25-19-8,32.081828,104.639836,Fault,Fault,190,89,760.533367
4-25-19-8,32.081825,104.639844,Fault,Fault,0,85,755.698284
4-25-19-9,32.082916,104.61435,S,Bedding,208,45,750.725705
4-25-19-9,32.082817,104.614571,S,Bedding,219,43,753.023684
4-25-19-10,32.097371,104.604148,S,Bedding,246,45,758.543621
4-25-19-10,32.096471,104.604966,Fault,Fault,307,76,780.53471
4-25-19-10,32.096348,104.60474,S,Foliation,238,43,759.559347
4-25-19-10,32.096334,104.60473,S,Foliation,205,52,759.791084
4-25-19-11,32.102652,104.596982,S,Cleavage,245,59,764.700431
4-25-19-11,32.102657,104.596977,S,Foliation,247,58,764.66526
4-25-19-11,32.102658,104.596976,S,Foliation,215,55,765.093805
4-25-19-12,32.113553,104.574385,S,Cleavage,237,39,798.30306
4-25-19-12,32.113605,104.574439,S,Cleavage,223,44,797.467472
4-25-19-13,32.116413,104.549882,S,Cleavage,222,50,800.471378
4-25-19-13,32.117779,104.568286,S,Cleavage,265,82,800.575138
4-25-19-13,32.117779,104.568286,S,Cleavage,271,79,800.575138
4-25-19-13,32.117779,104.568286,S,Foliation,249,30,800.575138
4-25-19-13,32.117779,104.568286,S,Bedding,204,47,800.575138
4-25-19-13,32.117717,104.568362,S,Cleavage,275,78,797.124943
4-25-19-13,32.11757,104.568527,S,Cleavage,255,53,805.206974
4-25-19-14,32.134168,104.538827,S,Foliation,227,54,815.264835
4-25-19-14,32.133245,104.538848,S,Foliation,234,71,844.809025
4-25-19-14,32.132745,104.539573,S,Cleavage,80,85,814.229077
4-25-19-14,32.132762,104.539568,S,Foliation,223,55,814.482585
4-25-19-14,32.132954,104.539691,S,Foliation,236,65,813.231936
4-25-19-14,32.133223,104.539869,S,Cleavage,54,83,812.125998
4-25-19-14,32.132828,104.539797,S,Cleavage,66,77,812.485718
4-25-19-14,32.132845,104.53983,S,Foliation,226,48,812.591308
4-25-19-14,32.132752,104.539935,S,Foliation,227,59,812.079425
4-25-19-14,32.132636,104.539967,S,Foliation,229,59,811.859618
4-25-19-14,32.124996,104.54083,S,Cleavage,225,79,811.049747
4-25-19-14,32.124972,104.540894,S,Cleavage,219,77,813.032658
4-25-19-15,32.140402,104.523946,S,Foliation,192,62,822.882023
4-25-19-15,32.140435,104.523844,S,Cleavage,60,72,827.361027
4-25-19-15,32.140407,104.523607,Fault,Fault,83,52,824.221622
4-25-19-15,32.140526,104.523761,S,Cleavage,66,59,812.724796
4-25-19-16,32.147421,104.503224,S,Cleavage,62,62,842.854679
4-25-19-16,32.147451,104.503297,S,Cleavage,83,72,856.483097
4-25-19-16,32.147423,104.503347,S,Cleavage,60,66,857.131535
4-25-19-16,32.147353,104.503311,S,Foliation,251,76,858.477116
4-25-19-16,32.147862,104.503362,S,Foliation,237,69,870.695744
4-25-19-16,32.143612,104.509842,S,Foliation,233,63,875.186806
4-25-19-16,32.143584,104.509824,S,Foliation,225,65,875.51878
4-25-19-17,32.160044,104.49137,Fault,Fault,208,87,867.383281
4-25-19-17,32.159553,104.491378,S,Cleavage,258,88,866.008484
4-25-19-17,32.159715,104.491344,S,Cleavage,72,75,866.851969
4-25-19-17,32.159653,104.491451,S,Cleavage,84,85,865.629558
4-25-19-18,32.166774,104.468758,S,Foliation,257,89,939.127644
4-25-19-18,32.166709,104.468839,S,Foliation,249,88,940.784382
4-25-19-18,32.164532,104.478909,Fault,Fault,220,61,898.368244
4-25-19-18,32.164543,104.478677,Fault,Fault,162,74,914.400959
4-25-19-18,32.1645,104.478687,S,Foliation,232,84,898.008137
4-25-19-18,32.164295,104.478693,S,Cleavage,256,85,905.11153
4-25-19-18,32.164314,104.478845,S,Bedding,145,58,902.426716
4-25-19-18,32.164346,104.478815,S,Foliation,249,78,900.975788
4-25-19-19,32.17825,104.443264,S,Foliation,235,89,957.181965
4-25-19-19,32.178245,104.443198,S,Foliation,251,83,954.318317
4-26-19-1,32.100893,104.669114,Fault,Fault,239,82,762.924232
4-26-19-1,32.100893,104.669025,S,Bedding,316,43,761.008217
4-26-19-1,32.100874,104.668992,S,Bedding,320,57,744.422157
4-26-19-1,32.100895,104.669233,Fault,Fault,227,86,756.558663
4-26-19-1,32.100816,104.669284,Fault,Fault,66,88,756.322631
4-26-19-1,32.10082,104.669334,Fault,Fault,241,85,756.171681
4-26-19-1,32.100801,104.669252,Fault,Fault,273,38,756.666853
4-26-19-2,32.102147,104.668069,S,Foliation,267,36,754.905556
4-26-19-2,32.102097,104.668089,S,Foliation,287,39,752.310341
4-26-19-3,32.111407,104.670629,S,Bedding,232,69,796.446571
4-26-19-3,32.111407,104.670629,S,Bedding,228,51,796.446571
4-26-19-3,32.109372,104.669875,S,Bedding,260,48,786.518715
4-26-19-3,32.109519,104.669895,S,Bedding,243,60,799.002602
4-26-19-3,32.109444,104.669791,S,Bedding,259,49,798.926674
4-26-19-4,32.115508,104.675888,Fault,Fault,215,63,802.81144
4-26-19-4,32.115505,104.675888,Fault,Fault,211,54,807.834145
4-26-19-4,32.115441,104.675937,Fault,Fault,243,35,811.400795
4-26-19-4,32.115441,104.675937,Fault,Fault,237,39,811.400795
4-26-19-4,32.115408,104.675912,S,Bedding,187,69,819.854164
4-26-19-4,32.115451,104.675761,Fault,Fault,220,43,801.74162
4-26-19-4,32.115451,104.675761,Fault,Fault,223,51,801.74162
4-26-19-4,32.115434,104.675754,Fault,Fault,222,47,800.9107
4-26-19-4,32.115423,104.67575,Fault,Fault,256,57,801.475435
4-26-19-4,32.115388,104.675704,Fault,Fault,257,42,800.967306
4-26-19-4,32.115366,104.675717,Fault,Fault,235,45,804.733559
4-26-19-4,32.115361,104.675753,Fault,Fault,259,37,801.970253
4-26-19-4,32.115358,104.675731,Fault,Fault,236,44,802.389565
4-26-19-4,32.115318,104.67569,Fault,Fault,234,59,787.770668
4-26-19-4,32.115286,104.675706,Fault,Fault,228,58,786.54142
4-26-19-4,32.115282,104.675715,Fault,Fault,229,63,783.209877
4-26-19-4,32.115265,104.675735,Fault,Fault,233,59,789.300941
4-26-19-4,32.115245,104.675769,Fault,Fault,227,62,807.475502
4-26-19-4,32.115291,104.67565,Fault,Fault,219,60,796.000058
4-26-19-4,32.115285,104.675658,Fault,Fault,187,64,795.142294
4-26-19-4,32.115302,104.675656,Fault,Fault,194,62,795.266909
4-26-19-4,32.115302,104.675653,Fault,Fault,205,57,792.242423
4-26-19-4,32.115313,104.675651,Fault,Fault,192,53,795.445671
4-26-19-4,32.115284,104.675625,Fault,Fault,232,52,792.723397
4-26-19-4,32.11529,104.675671,Fault,Fault,230,57,795.585795
4-26-19-4,32.11529,104.675671,Fault,Fault,212,54,795.585795
4-26-19-4,32.115296,104.675641,Fault,Fault,222,61,795.122286
4-26-19-4,32.1153,104.675629,Fault,Fault,200,70,794.236364
4-26-19-4,32.115318,104.675619,Fault,Fault,221,60,794.816826
4-26-19-4,32.115252,104.675652,Fault,Fault,224,48,794.70475
4-26-19-4,32.11525,104.675646,Fault,Fault,221,52,794.814369
4-26-19-4,32.115243,104.675649,Fault,Fault,214,52,795.406776
4-26-19-4,32.115236,104.675663,Fault,Fault,210,53,798.697914
4-26-19-4,32.115236,104.675663,Fault,Fault,212,57,798.697914
4-26-19-4,32.115233,104.675653,Fault,Fault,225,43,798.206215
4-26-19-4,32.115234,104.67563,Fault,Fault,223,54,799.140053
4-26-19-4,32.115232,104.675596,Fault,Fault,204,49,798.057289
4-26-19-4,32.115255,104.675549,Fault,Fault,216,51,803.642982
4-26-19-4,32.115119,104.675608,Fault,Fault,254,60,803.614662
4-26-19-4,32.115105,104.675608,Fault,Fault,245,53,809.896645
4-26-19-4,32.115082,104.675622,Fault,Fault,247,52,816.052406
4-26-19-4,32.115053,104.675472,S,Bedding,282,67,806.543739
4-26-19-4,32.115076,104.675487,S,Bedding,303,64,813.65287
4-26-19-4,32.115419,104.675814,Fault,Fault,211,48,797.076576
4-26-19-5,32.124883,104.685456,S,Bedding,204,32,865.884323
4-26-19-5,32.124472,104.68511,S,Bedding,217,57,868.625331
4-26-19-5,32.124133,104.685129,S,Bedding,251,53,859.686317
4-26-19-5,32.124039,104.685128,S,Bedding,260,70,867.601479
4-26-19-5,32.123991,104.685126,S,Bedding,292,35,872.60685
4-26-19-6,32.141063,104.692068,S,Bedding,218,58,890.115395
4-26-19-6,32.141028,104.692089,S,Bedding,220,48,899.127602
4-26-19-6,32.140814,104.692799,S,Foliation,259,30,889.029457
4-26-19-6,32.134785,104.690072,S,Bedding,223,56,885.725014
4-26-19-6,32.134475,104.690374,S,Bedding,238,59,899.740517
4-26-19-6,32.134475,104.690374,S,Bedding,238,44,899.740517
4-26-19-6,32.134475,104.690374,S,Bedding,253,74,899.740517
4-26-19-7,32.153499,104.669353,S,Foliation,219,42,934.935061
4-26-19-7,32.153359,104.669695,S,Cleavage,252,67,926.752903
4-26-19-7,32.153367,104.669689,S,Foliation,236,44,926.123126
4-26-19-8,32.155368,104.664792,S,Foliation,254,52,951.31623
4-26-19-8,32.155294,104.664796,S,Cleavage,265,84,952.255454
4-26-19-8,32.155294,104.664796,S,Foliation,253,41,952.255454
4-26-19-8,32.155358,104.664975,Fault,Fault,219,61,952.26809
4-26-19-8,32.155244,104.664852,Fault,Fault,256,72,951.195652
4-26-19-8,32.155288,104.665077,Fault,Fault,231,60,951.930607
4-26-19-8,32.155246,104.665128,Fault,Fault,281,64,952.519962
4-26-19-8,32.155232,104.665142,Fault,Fault,216,60,951.993159
4-26-19-9,32.166233,104.647927,S,Foliation,203,49,979.968178
4-26-19-9,32.166233,104.647927,S,Foliation,201,54,979.968178
4-26-19-9,32.166094,104.64834,Fault,Fault,186,78,969.62487
4-26-19-9,32.166082,104.648318,Fault,Fault,180,81,969.809859
4-26-19-9,32.166108,104.648321,Fault,Fault,206,81,968.613422
4-26-19-9,32.166073,104.648298,Fault,Fault,270,69,969.930215
4-26-19-9,32.166075,104.648302,Fault,Fault,182,84,968.894743
4-26-19-9,32.16608,104.648314,Fault,Fault,179,85,968.681465
4-26-19-9,32.166075,104.648322,Fault,Fault,177,83,968.214223
4-26-19-9,32.166075,104.648322,Fault,Fault,177,79,968.214223
4-26-19-9,32.166075,104.648322,Fault,Fault,188,84,968.214223
4-26-19-9,32.166071,104.648323,Fault,Fault,192,85,968.581806
4-26-19-9,32.166067,104.648298,Fault,Fault,207,86,968.083735
4-26-19-9,32.166082,104.648307,Fault,Fault,207,82,968.261128
4-26-19-9,32.166082,104.648307,Fault,Fault,206,76,968.261128
4-26-19-9,32.166131,104.648315,Fault,Fault,207,80,967.191594
4-26-19-9,32.166111,104.648299,Fault,Fault,88,87,967.622703
4-26-19-9,32.166103,104.648254,Fault,Fault,269,86,969.409361
4-26-19-9,32.16611,104.64828,Fault,Fault,263,61,969.026159
4-26-19-9,32.166149,104.648317,Fault,Fault,273,87,968.925186
4-26-19-9,32.164362,104.651255,S,Foliation,226,59,967.370548
4-26-19-9,32.164455,104.65119,S,Foliation,224,62,968.828829
4-26-19-10,32.175154,104.642873,S,Cleavage,243,60,973.629757
4-26-19-10,32.175136,104.642746,S,Foliation,246,39,979.257484
4-26-19-10,32.169945,104.645192,S,Foliation,264,49,978.331703
4-26-19-10,32.169184,104.645395,Fault,Fault,201,66,962.797768
4-26-19-10,32.169239,104.645446,Fault,Fault,198,70,982.473183
4-26-19-10,32.169178,104.645608,S,Cleavage,78,83,981.435951
4-26-19-10,32.169198,104.645637,S,Cleavage,71,88,994.568764
4-26-19-10,32.169187,104.645443,S,Cleavage,264,86,962.143227
4-26-19-10,32.168893,104.645812,S,Foliation,242,49,982.04203
4-26-19-11,32.184115,104.632561,S,Cleavage,102,89,1007.76019
4-26-19-11,32.184115,104.632561,S,Foliation,229,51,1007.76019
4-26-19-11,32.184115,104.632561,S,Foliation,248,62,1007.76019
4-26-19-11,32.184115,104.632561,Fault,Fault,203,79,1007.76019
4-26-19-11,32.184115,104.632561,S,Foliation,256,64,1007.76019
4-26-19-11,32.184115,104.632561,Fault,Fault,234,56,1007.76019
4-26-19-11,32.184146,104.632539,Fault,Fault,228,54,1007.365988
4-26-19-11,32.179446,104.637446,S,Cleavage,295,55,981.356636
4-26-19-12,32.040567,104.670297,S,Foliation,295,51,702.882509
4-26-19-12,32.040475,104.670262,S,Cleavage,271,70,704.112422
4-26-19-12,32.040507,104.670197,S,Foliation,285,55,704.582195
4-26-19-12,32.027327,104.670056,S,Cleavage,249,81,670.616089
4-26-19-12,32.027259,104.670097,S,Cleavage,241,70,677.48291
4-26-19-13A,31.998032,104.618727,Fault,Fault,263,72,797.990405
4-26-19-13A,31.998029,104.618702,Fault,Fault,255,80,798.692301
4-26-19-13A,31.997751,104.618738,Pt,Bedding,233,71,803.989635
4-26-19-13B,31.999435,104.619983,Fault,Fault,56,72,796.311258
4-26-19-13B,31.999421,104.61995,Fault,Fault,78,43,794.299291
4-26-19-13B,31.999332,104.61997,Fault,Fault,63,61,793.917761
4-26-19-13B,31.999338,104.619967,Fault,Fault,58,52,794.816091
4-26-19-13B,31.999333,104.619979,Fault,Fault,76,53,796.930136
4-26-19-13B,31.999185,104.619955,Fault,Fault,73,88,779.260986
4-26-19-13B,31.999185,104.619955,Fault,Fault,243,89,779.260986
4-26-19-13B,31.999329,104.61992,Fault,Fault,79,68,796.674927
4-26-19-13B,31.999133,104.61986,Fault,Fault,221,82,799.528076
4-26-19-13B,31.999147,104.619839,Fault,Fault,233,81,799.776001
4-26-19-13B,31.999153,104.619809,Fault,Fault,216,71,800.246704
4-26-19-13B,31.999183,104.619793,Fault,Fault,221,59,800.678711
4-26-19-13B,31.999151,104.619831,Fault,Fault,224,61,798.835938
4-26-19-13B,31.999151,104.619839,Fault,Fault,225,76,799.089844
4-26-19-13B,31.999106,104.619807,Pt,Bedding,218,45,798.74231
4-26-19-13B,31.999044,104.619768,Fault,Fault,235,87,797.848267
4-26-19-13B,31.999124,104.61975,Fault,Fault,243,89,804.584961
4-26-19-13B,31.999005,104.619768,Fault,Fault,236,88,797.272217
4-26-19-13B,31.998987,104.619836,Fault,Fault,58,66,795.260498
4-26-19-13B,31.998904,104.61996,Fault,Fault,51,82,809.720459
4-26-19-13B,31.999061,104.619679,Pt,Bedding,206,43,799.305863
4-26-19-13B,31.998988,104.619701,Pt,Bedding,202,42,798.549019
4-26-19-14,32.003333,104.621716,Pt,Bedding,225,62,811.35136
4-26-19-14,32.003736,104.62174,Pt,Bedding,201,49,813.522503
4-26-19-14,32.003563,104.621813,Fault,Fault,222,66,813.688885
4-26-19-14,32.003535,104.621681,Fault,Fault,206,71,811.306683
4-26-19-14,32.003535,104.621681,Fault,Fault,221,87,811.306683
4-26-19-14,32.003513,104.621591,Fault,Fault,213,69,812.614788
4-26-19-14,32.003447,104.621624,Fault,Fault,202,62,812.133587
4-26-19-14,32.003308,104.621622,Fault,Fault,222,67,811.234539
4-26-19-15,32.004968,104.621027,S,Bedding,224,48,798.733685
4-26-19-15,32.004994,104.621001,S,Bedding,217,58,798.347942
4-26-19-16,32.020112,104.618402,S,Bedding,213,72,829.174059
4-26-19-16,32.011927,104.619228,S,Bedding,212,40,818.494152
4-26-19-16,32.011883,104.619279,S,Bedding,225,54,818.047771
4-26-19-16,32.009193,104.619578,S,Bedding,187,32,825.305828
4-26-19-16,32.009367,104.619456,S,Cleavage,210,74,830.523357
4-26-19-16,32.009495,104.619451,S,Bedding,231,31,821.966717
4-26-19-16,32.006856,104.617791,S,Bedding,205,51,803.53886
4-26-19-16,32.006802,104.617954,S,Bedding,206,49,821.553997
4-26-19-16,32.006796,104.617973,S,Bedding,174,39,803.184124
4-26-19-16,32.006776,104.618032,S,Bedding,186,44,799.524334
4-26-19-17,32.031372,104.582852,S,Bedding,226,44,931.512573
4-26-19-17,32.031437,104.582936,S,Bedding,215,52,929.833985
4-26-19-17,32.043938,104.608827,Fault,Fault,2,86,912.468548
4-26-19-17,32.043928,104.608677,Fault,Fault,242,50,920.217937
4-26-19-17,32.044271,104.608929,Fault,Fault,151,89,956.394085
4-26-19-17,32.043702,104.608731,Fault,Fault,198,33,902.369183
4-26-19-17,32.043811,104.608658,Fault,Fault,347,79,903.415325
4-26-19-17,32.045398,104.609233,Fault,Fault,181,62,807.865032
4-26-19-17,32.044522,104.609613,Fault,Fault,179,57,855.225384
4-26-19-17,32.040791,104.611644,S,Bedding,211,48,856.413738
4-26-19-17,32.033751,104.61744,Fault,Fault,237,50,848.168011
4-26-19-17,32.033942,104.617906,Fault,Fault,240,44,853.096854
4-26-19-17,32.033901,104.617618,Fault,Fault,260,56,853.083494
4-26-19-17,32.03391,104.617773,Fault,Fault,238,47,853.733877
4-26-19-17,32.033867,104.617449,S,Bedding,277,53,852.397618
4-26-19-17,32.033598,104.617673,Fault,Fault,342,70,852.490201
4-26-19-17,32.033597,104.617673,Fault,Fault,339,73,852.384688
4-26-19-17,32.0336,104.617672,Fault,Fault,343,68,853.387076
4-26-19-17,32.03362,104.617659,S,Bedding,208,29,853.450435
4-27-19-1,31.71783,103.851971,Cam,Bedding,258,65,1560.683933
4-27-19-1,31.717858,103.851928,Fault,Fault,297,75,1556.045017
4-27-19-1,31.717858,103.851928,Fault,Fault,289,82,1556.045017
4-27-19-1,31.7179,103.851991,Fault,Fault,246,82,1569.5676
4-27-19-1,31.717725,103.852083,Cam,Bedding,265,72,1557.707493
4-27-19-1,31.717884,103.851886,Fault,Fault,264,71,1572.68906
4-27-19-1,31.717867,103.851802,Cam,Bedding,264,67,1576.471409
4-27-19-2,31.756091,103.82659,Fault,Fault,90,86,1584.208103
4-27-19-2,31.755949,103.827001,Fault,Foliation,269,66,1585.607273
4-27-19-2,31.75566,103.827269,Fault,Foliation,273,72,1580.68491
4-27-19-2,31.755527,103.827578,Fault,Foliation,255,71,1584.555759
4-27-19-2,31.755608,103.827165,Fault,Foliation,263,74,1583.880955
4-27-19-2,31.755463,103.827098,Cam,Foliation,256,62,1583.372654
4-27-19-2,31.756497,103.82653,Cam,Bedding,266,88,1587.623142
4-27-19-2,31.756303,103.826621,Cam,Bedding,241,77,1593.491795
4-28-19-1,31.767411,103.786853,Fault,Fault,272,88,1610.2663
4-28-19-1,31.767329,103.786767,S,Foliation,250,62,1618.302921
4-28-19-1,31.767616,103.786647,Fault,Fault,250,60,1614.237492
4-28-19-1,31.7676,103.786663,Fault,Fault,247,64,1614.23505
4-28-19-1,31.76766,103.786586,S,Foliation,263,63,1625.942081
4-28-19-2,31.780047,103.76151,S,Foliation,225,78,1609.991886
4-28-19-2,31.779647,103.761701,Fault,Foliation,206,88,1630.632023
4-28-19-2,31.779459,103.761799,S,Foliation,228,79,1616.449162
4-28-19-2,31.779492,103.76177,S,Foliation,225,78,1612.393253
4-28-19-3,31.782951,103.753377,S,Foliation,257,89,1922.015324
4-28-19-3,31.783152,103.753253,S,Foliation,241,66,1928.249359
4-28-19-3,31.78317,103.753311,S,Foliation,260,70,1933.831242
4-28-19-3,31.793923,103.746381,S,Cleavage,44,89,1613.372095
4-28-19-4,31.800859,103.734024,S,Foliation,264,78,1642.954445
4-28-19-4,31.800574,103.733903,S,Foliation,275,84,1627.495287
4-28-19-4,31.800492,103.733888,S,Foliation,260,86,1626.071112
4-28-19-4,31.794779,103.743006,S,Cleavage,233,68,1621.245012
4-28-19-5,31.818268,103.727771,S,Foliation,279,77,1636.47007
4-28-19-5,31.818408,103.727579,S,Foliation,267,73,1637.169289
4-28-19-5,31.818545,103.727564,S,Foliation,245,88,1639.875832
4-28-19-6,31.831905,103.715989,S,Foliation,100,88,1651.196632
4-28-19-6,31.831882,103.716007,S,Foliation,91,88,1669.309669
4-28-19-6,31.83185,103.715914,S,Cleavage,294,87,1643.797707
4-28-19-7,31.84634,103.696683,S,Cleavage,111,83,1632.61792
4-28-19-7,31.84634,103.696683,S,Cleavage,105,85,1632.61792
4-28-19-7,31.84634,103.696683,S,Cleavage,110,87,1632.61792
4-28-19-8,31.865204,103.696896,D,Foliation,50,81,1692.157913
4-28-19-8,31.865253,103.696773,D,Foliation,111,87,1694.470657
4-28-19-9,31.896823,103.686806,D,Cleavage,84,71,1740.927444
4-28-19-9,31.896132,103.686743,D,Cleavage,88,75,1735.123978
4-28-19-9,31.896064,103.686956,D,Cleavage,76,70,1739.839066
4-28-19-9,31.895935,103.686935,D,Foliation,80,72,1746.62178
4-28-19-9,31.895936,103.686988,D,Foliation,82,79,1747.032181
4-28-19-10,31.902918,103.683785,Tr,Bedding,80,82,1752.017044
4-28-19-11,31.927394,103.671722,Tr,Bedding,67,65,1812.589039
4-28-19-11,31.92765,103.671706,Tr,Foliation,85,61,1806.259937
4-28-19-11,31.927669,103.671623,Fault,Fault,109,67,1805.542164
4-28-19-11,31.927669,103.671623,Fault,Fault,115,64,1805.542164
4-28-19-11,31.927747,103.671643,Fault,Fault,120,69,1808.049
4-28-19-11,31.927662,103.671753,Tr,Bedding,77,59,1812.70232
4-28-19-12,31.948235,103.670525,Tr,Foliation,91,67,1836.063648
4-28-19-12,31.941501,103.67109,Tr,Foliation,108,34,1810.451588
4-28-19-12,31.939308,103.671544,D,Foliation,105,69,1837.382984
4-28-19-12,31.939625,103.671443,Fault,Fault,102,54,1831.083668
4-28-19-12,31.939692,103.67149,D,Foliation,99,59,1841.302174
4-28-19-12,31.94106,103.671011,Tr,Foliation,112,58,1824.174438
4-28-19-12,31.94084,103.671098,Tr,Foliation,109,59,1821.764347
4-28-19-12,31.940849,103.671126,Tr,Foliation,119,66,1823.161094
4-28-19-14,31.995329,103.682349,Tr,Bedding,89,65,2318.440113
4-28-19-14,31.994623,103.682511,Tr,Bedding,101,57,2349.440601
4-29-19-1,32.073761,103.717231,Tr,Overturned bedding,71,49,2272.014736
4-29-19-1,32.07344,103.717499,Tr,Overturned bedding,82,56,2175.09457
4-29-19-2,32.08966,103.720184,Tr,Overturned bedding,67,39,2235.273281
4-29-19-2,32.089604,103.720078,Tr,Overturned bedding,74,37,2238.221035
4-29-19-3,32.122547,103.73335,Tr,Bedding,47,31,2261.173672
4-29-19-3,32.122743,103.73347,Tr,Bedding,51,30,2266.954189
4-29-19-4,32.152527,103.733078,Tr,Overturned bedding,69,35,2295.581142
4-29-19-4,32.152384,103.733077,Fault,Fault,90,30,2298.410488
4-29-19-4,32.152483,103.733225,Fault,Fault,73,40,2296.923672
4-29-19-4,32.152645,103.733008,Fault,Fault,72,34,2312.460781
4-29-19-4,32.152362,103.733236,Fault,Fault,53,33,2299.472012
4-29-19-4,32.152335,103.73327,Fault,Fault,39,28,2298.179775
4-29-19-4,32.152322,103.73328,Fault,Fault,94,37,2300.114834
4-29-19-4,32.152317,103.733298,Fault,Fault,59,24,2304.161465
4-29-19-4,32.152331,103.733192,Fault,Fault,66,33,2297.935879
4-29-19-4,32.152323,103.733177,Fault,Fault,61,32,2297.260342
4-29-19-4,32.152338,103.733168,Fault,Fault,95,47,2298.179287
4-29-19-4,32.152289,103.733221,Fault,Fault,74,45,2293.815273
4-29-19-4,32.152266,103.733258,Fault,Fault,79,44,2288.180752
4-29-19-4,32.15227,103.733257,Fault,Fault,80,48,2293.679531
4-29-19-4,32.152262,103.733283,Fault,Fault,77,34,2294.857021
4-29-19-4,32.152261,103.733322,Fault,Fault,83,38,2299.822598
4-29-19-4,32.152263,103.733399,Fault,Fault,80,45,2306.052578
4-29-19-4,32.15241,103.733198,Tr,Overturned bedding,71,32,2297.273281
4-29-19-4,32.152449,103.733389,Tr,Overturned bedding,64,38,2294.031582
4-29-19-4,32.153194,103.734314,Tr,Overturned bedding,80,40,2291.420986
4-29-19-5,32.238992,103.76589,Tr,Bedding,83,46,2380.804531
4-29-19-5,32.238992,103.76589,Tr,Cleavage,317,72,2380.804531
4-29-19-5,32.238992,103.76589,Tr,Bedding,116,58,2380.804531
4-29-19-5,32.238973,103.765759,Tr,Bedding,332,64,2380.873379
4-29-19-5,32.241895,103.764649,Fault,Fault,346,47,2375.276123
4-29-19-5,32.239173,103.76569,Fault,Fault,319,80,2378.130215
4-29-19-5,32.239173,103.76569,Fault,Fault,341,49,2378.130215
4-29-19-5,32.239173,103.76569,Fault,Fault,346,50,2378.130215
4-29-19-5,32.239173,103.76569,Fault,Fault,318,89,2378.130215
4-29-19-5,32.239156,103.765613,Fault,Fault,125,88,2380.802822
4-29-19-5,32.23912,103.765513,Fault,Fault,122,89,2329.256191
4-29-19-5,32.23926,103.765623,Fault,Fault,292,86,2388.191947
4-29-19-5,32.23926,103.765623,Fault,Fault,296,86,2388.191947
4-29-19-5,32.23926,103.765623,Fault,Fault,305,76,2388.191947
4-29-19-5,32.23926,103.765623,Fault,Fault,130,85,2388.191947
4-29-19-5,32.23926,103.765623,Fault,Fault,132,85,2388.191947
4-29-19-5,32.239257,103.765667,Fault,Fault,310,75,2387.221048
4-29-19-5,32.239267,103.765601,Fault,Fault,132,89,2388.221035
4-29-19-5,32.239341,103.765831,Fault,Fault,352,29,2377.254238
4-29-19-5,32.239241,103.765677,Fault,Fault,313,89,2381.915127
4-29-19-5,32.238047,103.765742,Fault,Fault,8,45,2394.205166
4-29-19-5,32.237968,103.765629,Fault,Fault,10,42,2390.866055
4-29-19-5,32.238118,103.765517,Fault,Fault,4,55,2389.933437
4-29-19-5,32.238118,103.765517,Fault,Fault,2,67,2389.933437
4-29-19-5,32.238128,103.765637,Fault,Fault,12,48,2395.079678
4-29-19-5,32.238146,103.765708,Fault,Fault,7,62,2397.803555
4-29-19-5,32.238173,103.765762,Fault,Fault,358,71,2396.15707
4-29-19-5,32.238155,103.765786,Fault,Fault,354,54,2393.969814
4-29-19-5,32.23813,103.765652,Fault,Fault,355,60,2393.03793
4-29-19-5,32.238125,103.765631,Fault,Fault,348,67,2385.264004
4-29-19-5,32.238125,103.765631,Fault,Fault,15,46,2385.264004
4-29-19-5,32.238158,103.765466,Fault,Fault,3,51,2384.28207
4-29-19-5,32.238176,103.765532,Fault,Fault,358,55,2385.143887
4-29-19-5,32.238138,103.765704,Fault,Fault,2,60,2386.764004
4-29-19-5,32.23814,103.765717,Fault,Fault,6,56,2384.610928
4-29-19-5,32.23817,103.765718,Fault,Fault,14,50,2389.904385
4-29-19-5,32.238179,103.765734,Fault,Fault,6,54,2390.775478
4-29-19-5,32.238179,103.765734,Fault,Fault,1,59,2390.775478
4-29-19-5,32.238172,103.765738,Fault,Fault,4,48,2389.140957
4-29-19-5,32.238206,103.765748,Fault,Fault,3,55,2392.754971
4-29-19-5,32.238206,103.765748,Fault,Fault,2,56,2392.754971
4-29-19-5,32.238051,103.765728,Tr,Bedding,356,45,2387.335049
4-29-19-5,32.237754,103.765548,Tr,Bedding,2,47,2385.155117
4-29-19-6,32.340391,103.722789,Fault,Fault,131,76,2505.252041
4-29-19-6,32.340437,103.722806,Fault,Fault,86,66,2504.821377
4-29-19-6,32.340326,103.72264,Fault,Fault,130,63,2509.426113
4-29-19-6,32.340243,103.722631,Fault,Fault,127,60,2512.510342
4-29-19-6,32.340551,103.722619,Fault,Fault,70,64,2510.802578
4-29-19-6,32.340551,103.722619,Fault,Fault,76,55,2510.802578
4-29-19-6,32.340391,103.7233,Tr,Foliation,122,78,2501.256924
4-29-19-6,32.340351,103.722652,Fault,Fault,128,86,2509.069668
4-29-19-6,32.340748,103.723168,Fault,Fault,66,55,2497.825527
4-29-19-6,32.340667,103.723469,Fault,Fault,126,59,2496.603603
4-29-19-6,32.340258,103.722781,Fault,Fault,135,84,2507.27084
4-29-19-6,32.340447,103.722567,Fault,Fault,137,82,2506.520351
4-29-19-6,32.340478,103.722678,Fault,Fault,135,72,2501.766689
4-29-19-6,32.340534,103.722645,Fault,Fault,138,79,2502.02914
4-29-19-6,32.340417,103.722465,Fault,Fault,146,79,2510.199062
4-29-19-6,32.340408,103.722535,Fault,Fault,318,88,2510.378506
4-29-19-6,32.340388,103.722524,Fault,Fault,138,85,2508.556484
4-29-19-6,32.340393,103.7225,Fault,Fault,135,85,2508.473232
4-29-19-6,32.340393,103.7225,Fault,Fault,129,84,2508.473232
4-29-19-6,32.340393,103.7225,Fault,Fault,141,75,2508.473232
4-29-19-6,32.340465,103.722598,Fault,Fault,126,71,2505.590908
4-29-19-6,32.340415,103.722653,Fault,Fault,138,89,2504.708828
4-29-19-6,32.340409,103.722645,Fault,Fault,121,74,2504.176846
4-29-19-6,32.340547,103.722832,Fault,Fault,116,71,2495.75082
4-29-19-6,32.340547,103.722832,Fault,Fault,120,71,2495.75082
4-29-19-6,32.340508,103.721516,Tr,Foliation,127,76,2498.351894
4-29-19-6,32.340459,103.721568,Tr,Foliation,116,70,2507.116055
4-29-19-7,32.355678,103.736031,Tr,Foliation,73,76,2526.761562
4-29-19-7,32.355795,103.736147,Tr,Foliation,95,74,2521.655361
4-29-19-8,32.3639,103.724338,Tr,Cleavage,120,88,2546.792324
4-29-19-8,32.363353,103.724272,Tr,Cleavage,94,81,2563.792568
4-29-19-8,32.363463,103.723484,Tr,Bedding,295,81,2539.906338
4-29-19-8,32.363479,103.72351,Tr,Bedding,70,56,2540.392178
4-29-19-8,32.363519,103.723359,Tr,Cleavage,103,79,2541.060635
4-29-19-8,32.363634,103.724298,Tr,Bedding,105,82,2560.105312
4-29-19-8,32.364012,103.724433,Tr,Bedding,101,78,2592.096767
4-29-19-9,32.406905,103.715318,Tr,Foliation,100,60,2580.290381
4-29-19-9,32.406931,103.715491,Tr,Foliation,75,62,2590.588467
4-29-19-10,32.429987,103.690926,Tr,Bedding,82,46,2636.571133
4-29-19-10,32.430001,103.690984,Tr,Bedding,62,51,2635.360683
4-29-19-10,32.423122,103.702995,Fault,Fault,11,56,2590.93539
4-29-19-10,32.423023,103.70301,Fault,Fault,14,55,2614.246914
4-29-19-10,32.423046,103.703182,Fault,Fault,12,64,2620.14584
4-29-19-10,32.4232,103.70301,Tr,Bedding,19,49,2617.95248
4-29-19-10,32.423046,103.703253,Tr,Bedding,17,43,2614.830166
4-29-19-10,32.423054,103.703283,Tr,Bedding,12,56,2634.019375
4-29-19-11,32.449872,103.679328,Tr,Bedding,102,42,2648.381924
4-29-19-11,32.4499,103.6793,Tr,Bedding,85,42,2654.405605
4-29-19-12,32.452747,103.677205,Fault,Fault,79,65,2659.015224
4-29-19-12,32.452747,103.677205,Fault,Fault,72,58,2659.015224
4-29-19-12,32.452747,103.677205,Fault,Fault,59,54,2659.015224
4-29-19-12,32.45276,103.677179,Fault,Fault,62,52,2660.990566
4-29-19-12,32.452765,103.677189,Fault,Fault,60,52,2662.11459
4-29-19-12,32.452761,103.677182,Fault,Fault,56,48,2662.98373
4-29-19-12,32.45276,103.677172,Fault,Fault,66,62,2668.201992
4-29-19-12,32.45276,103.677172,Fault,Fault,61,41,2668.201992
4-29-19-12,32.452747,103.677162,Fault,Fault,61,47,2667.523525
4-29-19-12,32.452819,103.677296,Fault,Fault,41,31,2661.245225
4-29-19-12,32.452823,103.67731,Fault,Fault,47,35,2661.577969
4-29-19-12,32.452823,103.67731,Tr,Overturned bedding,46,34,2661.577969
4-29-19-12,32.452759,103.677204,Tr,Cleavage,42,30,2666.449551
4-29-19-12,32.452742,103.677154,Tr,Cleavage,42,28,2657.037409
4-29-19-12,32.452783,103.677143,Tr,Cleavage,37,26,2657.168417
4-29-19-13,32.460515,103.670892,Fault,Fault,308,60,2674.745693
4-29-19-13,32.460477,103.670927,Fault,Fault,244,27,2674.539883
4-29-19-13,32.460487,103.670917,Tr,Bedding,245,29,2673.783535
4-29-19-13,32.460556,103.670941,Tr,Bedding,270,66,2673.718349
4-29-19-13,32.460676,103.671028,Tr,Bedding,278,69,2659.530812
4-29-19-14,32.476769,103.661384,Tr,Bedding,36,34,2666.29208
4-29-19-14,32.476941,103.661376,Tr,Bedding,54,28,2661.657558
4-29-19-14,32.477034,103.661382,Tr,Bedding,66,35,2661.984951
4-29-19-14,32.477597,103.661195,Tr,Bedding,3,34,2680.265224
4-29-19-14,32.477996,103.661168,Fault,Fault,349,44,2704.525234
4-29-19-14,32.478088,103.661165,Fault,Fault,347,77,2672.924892
4-29-19-14,32.478158,103.661384,Fault,Fault,353,71,2682.612637
4-29-19-14,32.478501,103.660828,Tr,Bedding,82,69,2689.195156
4-29-19-14,32.478545,103.660794,Fault,Fault,110,35,2690.160488
4-30-19-1,32.588197,103.610481,Fault,Fault,134,78,2831.35165
4-30-19-1,32.588247,103.610291,Fault,Fault,117,79,2831.17416
4-30-19-1,32.588232,103.610491,Fault,Fault,292,88,2826.053039
4-30-19-1,32.588248,103.610488,Fault,Fault,110,89,2826.222864
4-30-19-1,32.588249,103.610489,Fault,Fault,109,88,2825.742322
4-30-19-1,32.588243,103.610477,Fault,Fault,125,63,2826.219995
4-30-19-1,32.588248,103.610456,Fault,Fault,124,64,2826.180653
4-30-19-1,32.588411,103.610469,Tr,Bedding,109,86,2823.743197
4-30-19-1,32.588463,103.610496,Tr,Bedding,111,86,2824.917872
4-30-19-2,32.516779,103.634203,Tr,Overturned bedding,87,69,2713.958828
4-30-19-2,32.516604,103.634249,Tr,Cleavage,172,29,2710.839443
4-30-19-2,32.51655,103.634203,Tr,Overturned bedding,86,61,2715.000088
4-30-19-2,32.51649,103.634333,Tr,Cleavage,105,41,2718.867031
4-30-19-3,32.505091,103.640504,Fault,Fault,252,89,2701.034756
4-30-19-3,32.505091,103.640504,Fault,Fault,101,63,2701.034756
4-30-19-3,32.505091,103.640504,Fault,Fault,98,60,2701.034756
4-30-19-3,32.505091,103.640504,Fault,Fault,97,65,2701.034756
4-30-19-3,32.505091,103.640504,Tr,Bedding,80,46,2701.034756
4-30-19-3,32.505007,103.640488,Tr,Bedding,88,63,2698.359463
4-30-19-3,32.504986,103.640421,Fault,Fault,131,86,2701.764248
4-30-19-3,32.504944,103.640463,Fault,Fault,273,87,2702.456387
4-30-19-3,32.504852,103.640455,Fault,Fault,196,57,2692.303555
4-30-19-3,32.504688,103.640382,Fault,Fault,127,77,2686.977871
4-30-19-3,32.505188,103.640327,Fault,Fault,125,76,2715.419521
4-30-19-3,32.504936,103.640366,Tr,Bedding,102,51,2702.006852
4-30-19-3,32.504869,103.640351,Tr,Bedding,92,47,2704.686855
4-30-19-3,32.504728,103.640424,Tr,Bedding,69,48,2710.259646
4-30-19-3,32.504682,103.640407,Tr,Bedding,308,35,2719.158779
4-30-19-3,32.50471,103.640397,Tr,Bedding,108,47,2721.912441
4-30-19-3,32.504607,103.640485,Fault,Fault,335,88,2720.300625
4-30-19-3,32.504628,103.640511,Fault,Fault,331,86,2707.609951
4-30-19-3,32.5046,103.640509,Tr,Bedding,314,86,2725.985683
4-30-19-3,32.504404,103.640351,Tr,Axial plane,312,49,2718.790371
4-30-19-3,32.504441,103.640347,Tr,Bedding,3,29,2720.662441
4-30-19-3,32.504448,103.640326,Tr,Bedding,316,85,2721.198086
4-30-19-4,32.47965,103.657653,Tr,Bedding,354,30,2678.848965
4-30-19-4,32.479643,103.657669,Tr,Bedding,60,25,2679.824551
4-30-19-4,32.47961,103.657717,Tr,Bedding,13,25,2676.441738
4-30-19-4,32.481876,103.653129,Tr,Bedding,338,51,2683.537813
4-30-19-4,32.481885,103.653119,Tr,Bedding,352,40,2682.95248
4-30-19-5,32.329946,103.711664,Fault,Fault,131,76,2483.21798
4-30-19-5,32.32995,103.711684,Fault,Fault,137,72,2485.397914
4-30-19-5,32.329954,103.711711,Fault,Fault,136,71,2483.135407
4-30-19-5,32.329959,103.711714,Fault,Fault,137,75,2482.520724
4-30-19-5,32.329943,103.711691,Fault,Fault,130,71,2480.088949
4-30-19-5,32.329919,103.71168,Fault,Fault,2,31,2482.703405
4-30-19-5,32.329923,103.711675,Fault,Fault,140,89,2484.907965
4-30-19-5,32.329917,103.711662,Fault,Fault,126,73,2481.667557
4-30-19-5,32.329911,103.711679,Fault,Fault,128,78,2479.732217
4-30-19-5,32.329939,103.711651,Fault,Fault,128,79,2482.96957
4-30-19-5,32.329946,103.711612,Fault,Fault,128,83,2484.985439
4-30-19-5,32.329944,103.7116,Fault,Fault,300,89,2484.850918
4-30-19-5,32.329934,103.711629,Fault,Fault,133,83,2483.544277
4-30-19-5,32.329934,103.711629,Fault,Fault,124,84,2483.544277
4-30-19-5,32.329915,103.711654,Fault,Fault,121,86,2486.377773
4-30-19-5,32.329903,103.711648,Tr,Cleavage,124,81,2485.554775
4-30-19-5,32.329372,103.711483,Tr,Bedding,80,16,2483.187771
4-30-19-5,32.329388,103.711467,Tr,Bedding,49,23,2483.05031
4-30-19-5,32.329335,103.711511,Tr,Cleavage,126,81,2483.776506
4-30-19-5,32.329315,103.711421,Fault,Fault,100,51,2484.229956
4-30-19-5,32.329296,103.71141,Fault,Fault,108,52,2483.212146
4-30-19-5,32.329313,103.711442,Fault,Fault,105,40,2482.743093
4-30-19-5,32.329292,103.711451,Fault,Fault,104,51,2484.292412
4-30-19-5,32.329292,103.711451,Fault,Fault,296,82,2481.956983
4-30-19-6,32.338391,103.702157,Tr,Bedding,143,76,2498.590176
4-30-19-6,32.338267,103.701112,Fault,Fault,129,88,2477.204922
4-30-19-6,32.338217,103.701239,Fault,Fault,134,89,2481.409912
4-30-19-6,32.338246,103.702339,Fault,Fault,121,89,2497.722012
4-30-19-6,32.338397,103.702452,Tr,Cleavage,110,65,2477.531826
4-30-19-6,32.338279,103.702118,Fault,Fault,122,64,2489.636259
4-30-19-6,32.338268,103.702143,Tr,Cleavage,124,71,2491.340726
4-30-19-7,32.344089,103.693128,Fault,Fault,136,67,2502.988065
4-30-19-7,32.34409,103.693148,Tr,Cleavage,104,86,2503.592568
4-30-19-7,32.344097,103.694775,Tr,Bedding,130,78,2500.552288
4-30-19-7,32.344097,103.694775,Fault,Fault,111,52,2500.552288
4-30-19-7,32.344097,103.694775,Fault,Fault,137,73,2500.552288
4-30-19-7,32.34409,103.694785,Fault,Fault,135,68,2501.877295
4-30-19-7,32.344077,103.694779,Fault,Fault,129,72,2501.750232
4-30-19-7,32.344075,103.694786,Tr,Cleavage,140,81,2497.86449
4-30-19-7,32.344075,103.694786,Tr,Bedding,136,61,2497.86449
4-30-19-8,32.342421,103.684688,Tr,Bedding,44,60,2512.035732
4-30-19-8,32.342566,103.684494,Fault,Fault,126,75,2514.614101
4-30-19-8,32.342569,103.684386,Fault,Fault,147,63,2513.665127
4-30-19-8,32.34257,103.684388,Fault,Fault,158,56,2512.524502
4-30-19-8,32.342575,103.684379,Fault,Fault,163,55,2512.370205
4-30-19-8,32.342609,103.684323,Fault,Fault,144,75,2511.606289
4-30-19-8,32.342609,103.684323,Fault,Fault,159,66,2511.606289
4-30-19-8,32.342645,103.684359,Fault,Fault,148,61,2510.538906
4-30-19-8,32.3427,103.684401,Fault,Fault,28,67,2516.638027
4-30-19-8,32.342578,103.684365,Fault,Fault,183,66,2516.950771
4-30-19-8,32.342555,103.684427,Fault,Fault,97,59,2514.330654
4-30-19-8,32.342439,103.684579,Tr,Bedding,26,49,2519.62875
4-30-19-9,32.345107,103.681392,Fault,Bedding,105,88,2501.477139
4-30-19-9,32.345324,103.681378,Fault,Fault,285,87,2500.62167
4-30-19-9,32.344832,103.680784,Fault,Fault,104,74,2520.833096
4-30-19-9,32.344636,103.680782,Fault,Fault,312,84,2515.983974
4-30-19-9,32.344637,103.681357,Fault,Fault,50,70,2509.175869
4-30-19-9,32.344474,103.681038,Fault,Fault,111,81,2512.285488
4-30-19-9,32.344463,103.681296,Fault,Fault,301,83,2508.986416
4-30-19-9,32.344484,103.681533,Cam,Bedding,106,81,2509.978359
4-30-19-9,32.344388,103.681798,Tr,Bedding,94,76,2505.735928
4-30-19-10,32.350015,103.6719,Fault,Fault,122,83,2517.595058
4-30-19-10,32.350074,103.672062,Fault,Fault,93,72,2514.740566
4-30-19-10,32.350082,103.672135,Fault,Fault,110,72,2516.028652
4-30-19-10,32.350104,103.672164,Fault,Fault,152,84,2518.984707
4-30-19-10,32.350104,103.672164,Fault,Fault,146,78,2518.984707
4-30-19-10,32.350098,103.672163,Fault,Fault,329,81,2516.903652
4-30-19-10,32.350117,103.672178,Fault,Fault,312,87,2516.906094
4-30-19-10,32.350147,103.672191,Fault,Fault,309,82,2514.398281
4-30-19-10,32.350148,103.672218,Fault,Fault,312,78,2521.579189
4-30-19-10,32.350148,103.672218,Fault,Fault,299,85,2521.579189
4-30-19-10,32.350154,103.672231,Fault,Fault,307,89,2523.015957
4-30-19-10,32.350161,103.672222,Fault,Fault,322,78,2520.383389
4-30-19-10,32.350182,103.672129,Fault,Fault,303,86,2515.754726
4-30-19-10,32.350198,103.672106,Fault,Fault,8,68,2515.882656
4-30-19-10,32.350195,103.672108,Fault,Fault,12,54,2518.902676
4-30-19-10,32.350254,103.672156,Fault,Fault,109,78,2517.783779
4-30-19-10,32.35029,103.672168,Fault,Fault,104,79,2510.01376
4-30-19-10,32.35029,103.672168,Fault,Fault,106,76,2510.01376
4-30-19-10,32.350378,103.672137,Fault,Fault,4,67,2499.84457
4-30-19-10,32.350149,103.672215,Fault,Fault,6,75,2518.469576
4-30-19-10,32.350155,103.672217,Tr,Bedding,304,89,2519.66062
4-30-19-10,32.350225,103.67238,Fault,Fault,120,89,2521.204433
4-30-19-10,32.350161,103.67219,Fault,Fault,22,65,2514.477301
4-30-19-10,32.350121,103.672268,Tr,Bedding,113,87,2513.517062
4-30-19-10,32.350124,103.672228,Tr,Bedding,307,87,2514.296412
4-30-19-11,32.348173,103.66241,Tr,Bedding,80,68,2526.905117
4-30-19-11,32.348216,103.662423,Fault,Fault,95,74,2526.663529
4-30-19-11,32.348218,103.662417,Fault,Fault,154,79,2527.87727
4-30-19-11,32.348163,103.662474,Fault,Fault,87,72,2526.5336
4-30-19-11,32.348075,103.662563,Fault,Fault,177,69,2528.632795
4-30-19-11,32.348061,103.66266,Fault,Fault,177,65,2528.925547
4-30-19-11,32.347769,103.662958,Fault,Fault,137,58,2532.511074
4-30-19-11,32.347785,103.662955,Fault,Fault,148,55,2531.176771
4-30-19-11,32.347785,103.662955,Fault,Fault,146,58,2531.176771
4-30-19-11,32.347791,103.662962,Fault,Fault,132,59,2531.319721
4-30-19-11,32.3478,103.662965,Fault,Fault,156,53,2532.993935
4-30-19-11,32.3478,103.662965,Fault,Fault,151,54,2532.993935
4-30-19-11,32.347807,103.662981,Fault,Fault,158,55,2531.978614
4-30-19-11,32.347758,103.662931,Fault,Fault,128,81,2530.782514
4-30-19-11,32.347753,103.662932,Fault,Fault,134,82,2531.640973
4-30-19-11,32.347753,103.662969,Fault,Fault,130,88,2530.075062
4-30-19-11,32.347748,103.662986,Fault,Fault,142,49,2528.523246
4-30-19-11,32.347743,103.662967,Fault,Fault,164,71,2526.693251
4-30-19-11,32.347779,103.662983,Fault,Fault,161,60,2527.538122
4-30-19-11,32.347723,103.662986,Fault,Fault,299,86,2529.096665
4-30-19-11,32.347717,103.663,Fault,Fault,117,85,2529.851187
4-30-19-11,32.347714,103.66298,Fault,Fault,302,87,2528.930886
4-30-19-11,32.347716,103.662991,Fault,Fault,120,85,2529.590298
4-30-19-11,32.347674,103.663071,Fault,Fault,305,80,2530.358465
4-30-19-11,32.347675,103.663071,Fault,Fault,138,53,2528.540892
4-30-19-11,32.347648,103.663113,Fault,Fault,213,76,2529.495026
4-30-19-11,32.347646,103.663113,Fault,Fault,206,74,2530.032521
4-30-19-11,32.34765,103.663123,Fault,Fault,206,71,2532.054021
4-30-19-11,32.347658,103.663103,Fault,Fault,75,70,2525.688787
4-30-19-11,32.347665,103.663103,Fault,Fault,86,78,2525.337782
4-30-19-11,32.347519,103.663375,Fault,Fault,91,70,2526.848745
4-30-19-11,32.347519,103.663375,Fault,Fault,94,65,2527.73092
4-30-19-11,32.347486,103.663433,Fault,Fault,120,55,2523.884463
4-30-19-11,32.347489,103.663427,Fault,Fault,122,69,2526.334652
4-30-19-11,32.347489,103.663427,Fault,Fault,112,62,2526.105796
4-30-19-11,32.347521,103.66342,Fault,Fault,109,53,2527.228062
4-30-19-11,32.347517,103.663379,Tr,Bedding,72,66,2526.958839
4-30-19-12,32.353001,103.649234,Tr,Foliation,151,82,2538.301357
4-30-19-12,32.353038,103.649103,Tr,Foliation,152,85,2538.486904
4-30-19-12,32.353024,103.649133,Tr,Cleavage,323,76,2538.37582
4-30-19-12,32.353122,103.649427,Tr,Foliation,319,78,2540.374355
4-30-19-12,32.35312,103.649444,Tr,Bedding,291,87,2538.410244
4-30-19-13,32.345249,103.637906,Tr,Cleavage,114,79,2543.925291
4-30-19-13,32.345181,103.637798,Fault,Fault,296,85,2566.837734
4-30-19-13,32.34518,103.637804,Fault,Fault,297,81,2567.278896
4-30-19-13,32.345278,103.637916,Fault,Fault,71,88,2548.895262
4-30-19-13,32.345296,103.637919,Fault,Fault,66,86,2548.857556
4-30-19-13,32.345311,103.637923,Fault,Fault,57,84,2548.463462
4-30-19-13,32.345248,103.637878,Fault,Fault,120,86,2546.357021
4-30-19-13,32.345256,103.637909,Fault,Fault,109,76,2549.037441
4-30-19-13,32.345264,103.637918,Fault,Fault,97,80,2547.608242
4-30-19-13,32.345264,103.637918,Fault,Fault,105,78,2547.608242
4-30-19-13,32.345228,103.637903,Fault,Fault,87,81,2551.792324
4-30-19-13,32.34524,103.6379,Fault,Fault,81,85,2547.828701
4-30-19-13,32.345243,103.637892,Fault,Fault,71,83,2550.794521
4-30-19-13,32.345124,103.637851,Fault,Fault,55,84,2555.806973
4-30-19-13,32.345452,103.638281,Fault,Fault,170,87,2545.406024
4-30-19-13,32.345453,103.638306,Fault,Fault,170,88,2545.763763
4-30-19-13,32.345575,103.638443,Fault,Fault,187,89,2545.919184
4-30-19-13,32.345567,103.638449,Fault,Fault,159,89,2543.523576
4-30-19-13,32.345576,103.63846,Fault,Fault,173,88,2547.231533
4-30-19-13,32.345587,103.638447,Fault,Fault,180,80,2547.346035
4-30-19-13,32.345596,103.63844,Fault,Fault,176,89,2546.073086
4-30-19-13,32.345567,103.638436,Fault,Fault,357,89,2548.329922
4-30-19-13,32.345568,103.638409,Fault,Fault,98,76,2550.245449
4-30-19-13,32.345596,103.638474,Fault,Fault,175,80,2548.781091
4-30-19-13,32.345596,103.638474,Fault,Fault,182,88,2548.781091
4-30-19-13,32.345583,103.638481,Fault,Fault,0,88,2548.76487
4-30-19-13,32.345583,103.638481,Fault,Fault,180,89,2548.76487
4-30-19-13,32.345593,103.638483,Fault,Fault,175,76,2548.147222
4-30-19-13,32.345598,103.638482,Fault,Fault,142,84,2547.451678
4-30-19-13,32.345616,103.638498,Fault,Fault,194,81,2552.142422
4-30-19-13,32.345604,103.638486,Fault,Fault,204,85,2552.058437
4-30-19-13,32.345604,103.638461,Fault,Fault,203,76,2555.169521
4-30-19-13,32.345604,103.638461,Fault,Fault,0,88,2555.169521
4-30-19-13,32.345604,103.638461,Fault,Fault,2,87,2555.169521
4-30-19-13,32.345604,103.638461,Fault,Fault,191,86,2555.169521
4-30-19-13,32.345604,103.638461,Tr,Plane Type 3,344,57,2555.169521
4-30-19-14,32.35005,103.609539,Fault,Fault,123,53,2566.262595
4-30-19-14,32.350001,103.609737,Fault,Fault,139,79,2565.817911
4-30-19-14,32.35,103.609694,Fault,Fault,48,83,2566.550535
4-30-19-14,32.349994,103.609581,Tr,Foliation,139,85,2567.669919
4-30-19-14,32.350003,103.609645,Tr,Foliation,115,87,2565.546083
4-30-19-14,32.350016,103.609679,Fault,Fault,68,80,2562.079955
4-30-19-14,32.343328,103.63085,Fault,Fault,101,79,2563.280295
4-30-19-14,32.343324,103.630839,Fault,Fault,103,81,2562.160084
4-30-19-14,32.343225,103.631002,Fault,Fault,102,75,2567.399258
4-30-19-14,32.343151,103.63095,Fault,Fault,94,76,2561.990322
4-30-19-14,32.343026,103.630851,Fault,Fault,73,82,2554.476894
4-30-19-14,32.342605,103.630212,Fault,Fault,56,81,2566.175381
4-30-19-14,32.342552,103.630138,Fault,Fault,55,85,2569.221523
4-30-19-14,32.342852,103.630462,Fault,Fault,94,79,2561.357021
4-30-19-14,32.343001,103.630705,Fault,Fault,85,81,2555.234707
4-30-19-14,32.343025,103.630898,Fault,Fault,102,77,2554.877773
4-30-19-14,32.34305,103.630931,Fault,Fault,83,82,2551.356289
4-30-19-14,32.343282,103.631228,Tr,Bedding,105,72,2557.845791
4-30-19-14,32.343175,103.631018,Fault,Fault,98,72,2554.665615
4-30-19-14,32.342277,103.63453,Tr,Cleavage,187,82,2559.339931
4-30-19-14,32.342277,103.63453,Tr,Bedding,348,70,2559.339931
4-30-19-14,32.342244,103.63445,Fault,Fault,117,39,2554.074551
4-30-19-14,32.342244,103.63445,Tr,Bedding,161,86,2554.074551
4-30-19-14,32.342193,103.634427,Tr,Cleavage,205,82,2558.369717
4-30-19-14,32.342327,103.634251,Tr,Bedding,95,40,2550.163174
4-30-19-16,32.338038,103.578435,Fault,Fault,124,89,2603.919517
4-30-19-16,32.338045,103.578481,Fault,Fault,276,83,2603.266329
4-30-19-16,32.338095,103.578531,Fault,Fault,306,89,2605.00798
4-30-19-16,32.338106,103.57853,Fault,Fault,124,85,2604.779601
4-30-19-16,32.338178,103.578643,Fault,Fault,306,87,2606.082964
4-30-19-16,32.338244,103.578684,Fault,Fault,119,88,2604.297019
4-30-19-16,32.338245,103.578683,Fault,Fault,289,87,2605.669578
4-30-19-16,32.338252,103.578684,Fault,Fault,109,85,2604.755738
4-30-19-16,32.338291,103.578736,Fault,Fault,103,77,2602.518023
4-30-19-16,32.338315,103.578748,Fault,Fault,327,78,2603.17771
4-30-19-16,32.338352,103.578805,Fault,Fault,130,31,2603.237388
4-30-19-16,32.338343,103.578795,Fault,Fault,137,64,2602.460043
4-30-19-16,32.338328,103.578736,Fault,Fault,290,60,2602.894256
4-30-19-16,32.338355,103.578715,Fault,Fault,155,76,2603.438131
4-30-19-16,32.338621,103.579044,Fault,Fault,106,82,2601.889625
4-30-19-16,32.338621,103.579044,Tr,Bedding,133,69,2601.889625
4-30-19-16,32.339768,103.580424,Tr,Bedding,111,79,2604.440512
4-30-19-16,32.339768,103.580424,Fault,Fault,280,78,2604.440512
4-30-19-16,32.339768,103.580424,Fault,Fault,285,79,2604.440512
4-30-19-16,32.339768,103.580424,Fault,Fault,291,79,2604.440512
4-30-19-16,32.339768,103.580424,Fault,Fault,287,84,2604.440512
4-30-19-16,32.339768,103.580424,Fault,Fault,299,77,2604.440512
4-30-19-16,32.339768,103.580424,Fault,Fault,297,80,2604.440512
4-30-19-16,32.339722,103.580445,Fault,Fault,118,84,2604.451329
4-30-19-16,32.339656,103.580468,Fault,Fault,111,84,2604.592252
4-30-19-16,32.339659,103.580434,Fault,Fault,96,86,2605.499698
4-30-19-16,32.339691,103.580443,Fault,Fault,110,82,2602.936634
4-30-19-16,32.339691,103.580444,Fault,Fault,107,84,2603.902943
4-30-19-16,32.339674,103.580456,Tr,Bedding,111,87,2605.903675
4-30-19-16,32.341582,103.582117,Tr,Bedding,293,89,2603.943226
4-30-19-16,32.34169,103.582108,Fault,Fault,297,88,2606.091663
4-30-19-16,32.341717,103.582073,Fault,Fault,297,85,2604.52306
4-30-19-16,32.341786,103.582046,Fault,Fault,297,87,2580.653431
4-30-19-16,32.341493,103.58199,Fault,Fault,70,71,2598.093128
4-30-19-16,32.341521,103.581999,Tr,Bedding,83,75,2586.278675
4-30-19-17,32.339855,103.572767,Fault,Fault,124,71,2607.084583
4-30-19-17,32.339906,103.572802,Fault,Fault,134,73,2613.011341
4-30-19-17,32.339886,103.572885,Fault,Fault,132,82,2602.153675
4-30-19-17,32.339891,103.572889,Fault,Fault,111,87,2601.418079
4-30-19-17,32.339933,103.572832,Tr,Bedding,94,83,2615.188831
4-30-19-17,32.338656,103.572357,Fault,Fault,96,74,2608.394642
4-30-19-17,32.338663,103.572416,Fault,Fault,94,76,2608.558704
4-30-19-17,32.338761,103.572366,Tr,Bedding,100,76,2603.507191
4-30-19-17,32.33853,103.572285,Fault,Fault,129,84,2611.43932
4-30-19-17,32.33853,103.572285,Fault,Fault,129,81,2611.43932
4-30-19-17,32.338545,103.572159,Fault,Fault,138,88,2602.360218
4-30-19-17,32.338525,103.57216,Fault,Fault,115,80,2606.474476
4-30-19-17,32.337721,103.574706,Fault,Fault,109,88,2602.760785
4-30-19-17,32.337688,103.574761,Fault,Fault,293,84,2604.411231
4-30-19-17,32.337704,103.574814,Tr,Bedding,109,81,2607.51017
4-30-19-17,32.337733,103.574915,Tr,Bedding,102,87,2610.597319
4-30-19-17,32.337728,103.574919,Fault,Fault,119,83,2610.139373
4-30-19-17,32.337765,103.574909,Fault,Fault,82,78,2610.303049
4-30-19-18,32.341303,103.567991,Fault,Fault,79,62,2613.563343
4-30-19-18,32.340807,103.567642,Fault,Fault,118,89,2605.697376
4-30-19-18,32.340194,103.567705,Fault,Fault,106,81,2618.059681
4-30-19-18,32.339668,103.567759,Fault,Fault,134,88,2616.535511
4-30-19-18,32.340533,103.567608,Fault,Fault,22,89,2624.21056
4-30-19-18,32.340414,103.567584,Fault,Fault,5,84,2615.576038
4-30-19-18,32.340214,103.567577,Fault,Fault,14,79,2635.9547
4-30-19-18,32.339788,103.567749,Fault,Fault,355,55,2640.093861
4-30-19-18,32.34132,103.567905,Tr,Foliation,26,86,2611.80138
4-30-19-18,32.341391,103.568108,Fault,Fault,190,89,2605.937611
4-30-19-18,32.341391,103.568135,Fault,Fault,185,85,2608.387806
4-30-19-18,32.341416,103.568332,Fault,Fault,161,76,2610.365345
4-30-19-18,32.341424,103.568325,Fault,Fault,68,71,2614.837513
4-30-19-18,32.340745,103.568568,Fault,Fault,194,79,2629.75182
4-30-19-18,32.340748,103.568592,Fault,Fault,184,86,2623.593616
4-30-19-18,32.341452,103.568446,Fault,Fault,131,61,2612.989857
4-30-19-18,32.341529,103.568423,Fault,Fault,126,75,2612.382679
4-30-19-18,32.341748,103.568327,Fault,Fault,133,79,2605.871693
4-30-19-18,32.341651,103.568353,Fault,Fault,127,71,2610.006947
4-30-19-18,32.341519,103.568317,Fault,Fault,190,82,2611.851917
4-30-19-18,32.341482,103.568328,Fault,Fault,191,82,2608.216663
4-30-19-18,32.34159,103.568276,Fault,Fault,184,66,2596.973743
4-30-19-18,32.341587,103.568275,Fault,Fault,190,81,2600.024036
4-30-19-18,32.341617,103.56826,Fault,Fault,184,84,2602.940296
4-30-19-18,32.341859,103.568122,Fault,Fault,31,82,2610.053822
4-30-19-18,32.341733,103.568319,Fault,Fault,2,65,2613.170521
4-30-19-18,32.341686,103.568316,Fault,Fault,15,75,2612.47887
4-30-19-18,32.341686,103.568316,Fault,Fault,5,62,2612.47887
4-30-19-18,32.341605,103.568337,Fault,Fault,7,63,2614.355579
4-30-19-18,32.341532,103.568367,Fault,Fault,200,87,2617.490345
4-30-19-18,32.341557,103.568354,Fault,Fault,31,85,2614.828724
4-30-19-18,32.341557,103.568354,Fault,Fault,210,89,2614.828724
4-30-19-18,32.34157,103.568362,Fault,Fault,32,86,2615.514759
4-30-19-18,32.341197,103.568515,Tr,Bedding,209,81,2612.970814
4-30-19-19,32.341672,103.561828,Fault,Fault,74,82,2617.130482
4-30-19-19,32.341613,103.561839,Fault,Fault,74,79,2612.005034
4-30-19-19,32.341581,103.561827,Fault,Fault,81,76,2612.790638
4-30-19-19,32.341586,103.561821,Fault,Fault,77,73,2613.519398
4-30-19-19,32.341561,103.561801,Tr,Bedding,85,76,2612.71764
4-30-19-20,32.341716,103.558479,Fault,Fault,122,59,2630.473255
4-30-19-20,32.341689,103.558451,Fault,Fault,188,80,2631.622913
4-30-19-20,32.341697,103.558403,Fault,Fault,202,84,2618.993519
4-30-19-20,32.341757,103.558492,Fault,Fault,170,46,2626.226185
4-30-19-20,32.341767,103.558615,Fault,Fault,183,78,2626.442249
4-30-19-20,32.341752,103.558492,Fault,Fault,178,74,2624.799427
4-30-19-20,32.341723,103.558387,Fault,Fault,178,76,2621.301624
4-30-19-20,32.341805,103.558496,Fault,Fault,152,74,2624.361195
4-30-19-20,32.341805,103.558496,Fault,Fault,147,82,2624.361195
4-30-19-20,32.341724,103.558654,Tr,Cleavage,193,81,2622.574329
4-30-19-20,32.341765,103.558651,Fault,Fault,20,87,2630.24474
4-30-19-20,32.341664,103.558682,Fault,Fault,122,77,2620.479359
4-30-19-20,32.341669,103.558611,Fault,Fault,117,79,2620.519398
4-30-19-20,32.341537,103.558755,Fault,Fault,3,87,2631.96349
4-30-19-20,32.341514,103.558735,Fault,Fault,4,89,2628.223499
4-30-19-20,32.341117,103.558705,Fault,Fault,127,82,2618.781116
4-30-19-20,32.341138,103.558743,Fault,Fault,125,81,2620.079212
4-30-19-20,32.341264,103.558795,Fault,Fault,174,89,2624.1339
4-30-19-20,32.341359,103.558767,Fault,Fault,171,89,2625.553089
4-30-19-20,32.341243,103.558771,Fault,Fault,170,87,2618.961048
5-1-19-1,32.380235,103.483244,Fault,Fault,300,56,2763.058552
5-1-19-1,32.380234,103.482918,Fault,Fault,254,44,2773.942097
5-1-19-1,32.37997,103.482661,Fault,Fault,237,52,2773.880329
5-1-19-1,32.379974,103.482658,Fault,Fault,238,64,2776.93819
5-1-19-1,32.380123,103.482417,Qo,Bedding,251,32,2763.155485
5-1-19-1,32.38026,103.482186,Fault,Fault,135,85,2773.106403
5-1-19-1,32.380575,103.482039,Fault,Fault,84,73,2768.450403
5-1-19-1,32.380572,103.482076,Fault,Fault,153,59,2769.567156
5-1-19-1,32.380584,103.482055,Fault,Fault,59,89,2766.188522
5-1-19-1,32.381316,103.480534,Fault,Fault,238,80,2769.250836
5-1-19-1,32.381316,103.480534,Fault,Fault,230,58,2769.250836
5-1-19-1,32.381331,103.480534,Fault,Fault,238,60,2769.419569
5-1-19-1,32.381339,103.480578,Fault,Fault,230,72,2770.208481
5-1-19-1,32.381339,103.480578,Fault,Fault,235,68,2770.208481
5-1-19-1,32.381342,103.480563,Fault,Fault,235,73,2769.164111
5-1-19-1,32.381326,103.480555,Fault,Fault,250,73,2768.3311
5-1-19-1,32.381267,103.480608,Fault,Fault,225,68,2753.511677
5-1-19-1,32.381274,103.480628,Fault,Fault,205,69,2773.110554
5-1-19-1,32.381274,103.480628,Fault,Fault,208,67,2773.110554
5-1-19-1,32.381312,103.480691,Qo,Bedding,260,25,2771.754841
5-1-19-1,32.381256,103.480694,Qo,Bedding,213,33,2759.01363
5-1-19-2,32.381351,103.498131,Fault,Fault,260,52,2763.606403
5-1-19-2,32.381445,103.498065,Tr,Bedding,358,32,2757.471882
5-1-19-2,32.381479,103.497779,Fault,Fault,280,83,2756.362263
5-1-19-2,32.381547,103.497734,Fault,Fault,35,62,2757.796833
5-1-19-2,32.381578,103.497649,Fault,Fault,106,51,2754.886433
5-1-19-2,32.381582,103.497627,Fault,Fault,77,54,2744.261677
5-1-19-2,32.381581,103.497434,Fault,Fault,181,86,2749.490681
5-1-19-2,32.381563,103.497439,Fault,Fault,171,89,2755.581501
5-1-19-2,32.381563,103.497439,Fault,Fault,350,88,2755.581501
5-1-19-2,32.381565,103.497441,Fault,Fault,166,83,2755.560505
5-1-19-2,32.381536,103.497418,Fault,Fault,267,81,2758.755573
5-1-19-2,32.381543,103.497419,Fault,Fault,259,79,2756.998493
5-1-19-2,32.381598,103.497306,Fault,Fault,167,72,2755.394001
5-1-19-2,32.381624,103.49731,Tr,Bedding,172,64,2757.11739
5-1-19-2,32.381732,103.49733,Tr,Bedding,354,32,2761.737507
5-1-19-3,32.378835,103.50298,Tr,Bedding,158,63,2795.83849
5-1-19-3,32.378853,103.50319,Fault,Fault,160,62,2773.788685
5-1-19-3,32.378832,103.50317,Fault,Fault,161,62,2774.280628
5-1-19-3,32.379013,103.502837,Fault,Fault,200,57,2778.036488
5-1-19-3,32.379178,103.503528,Fault,Fault,185,53,2781.55138
5-1-19-3,32.379922,103.503033,Tr,Bedding,51,41,2740.807484
5-1-19-4,32.37635,103.514358,Fault,Fault,279,82,2720.90099
5-1-19-4,32.376351,103.514428,Fault,Fault,335,70,2722.22179
5-1-19-4,32.376682,103.514291,Fault,Fault,335,74,2723.982777
5-1-19-4,32.376464,103.514126,Fault,Fault,321,76,2743.335072
5-1-19-4,32.377808,103.514542,Tr,Bedding,91,57,2716.352406
5-1-19-4,32.377717,103.514391,Fault,Fault,192,72,2722.251575
5-1-19-4,32.377675,103.514355,Fault,Fault,194,68,2724.544056
5-1-19-4,32.377847,103.514283,Tr,Bedding,81,64,2726.801868
5-1-19-4,32.376986,103.510238,Tr,Bedding,82,59,2752.163441
5-1-19-4,32.377078,103.510241,Fault,Fault,85,43,2759.535999
5-1-19-4,32.377408,103.510322,Fault,Fault,79,39,2757.465443
5-1-19-4,32.376619,103.509686,Fault,Fault,87,65,2757.567982
5-1-19-4,32.376905,103.509964,Fault,Fault,90,66,2755.477894
5-1-19-4,32.376573,103.509494,Fault,Fault,73,70,2773.432728
5-1-19-4,32.375835,103.509883,Fault,Fault,76,72,2800.91515
5-1-19-4,32.377365,103.508708,Fault,Fault,305,76,2743.911243
5-1-19-4,32.377426,103.508742,Fault,Fault,307,79,2739.449085
5-1-19-4,32.377901,103.508406,Tr,Bedding,8,39,2730.073841
5-1-19-4,32.378346,103.508456,Tr,Bedding,30,52,2734.249622
5-1-19-4,32.378378,103.508482,Fault,Fault,233,43,2732.909046
5-1-19-4,32.378368,103.508483,Fault,Fault,235,38,2734.976673
5-1-19-4,32.378408,103.508467,Fault,Fault,233,43,2738.767689
5-1-19-5,32.370193,103.518929,Tr,Bedding,70,44,2705.413929
5-1-19-5,32.370193,103.518929,Fault,Fault,317,58,2705.413929
5-1-19-5,32.370193,103.518929,Fault,Fault,245,59,2705.413929
5-1-19-5,32.37037,103.518851,Fault,Fault,293,67,2709.77013
5-1-19-5,32.370324,103.518821,Fault,Fault,175,74,2707.890247
5-1-19-5,32.370363,103.518952,Tr,Bedding,66,38,2704.399769
5-1-19-6,32.361405,103.52848,Fault,Fault,113,70,2666.802845
5-1-19-6,32.361515,103.528154,Fault,Fault,123,80,2676.216175
5-1-19-6,32.361559,103.528208,Fault,Fault,121,74,2671.124134
5-1-19-6,32.361644,103.528173,Fault,Fault,187,39,2676.909534
5-1-19-6,32.361641,103.528165,Fault,Fault,277,75,2677.676624
5-1-19-6,32.361759,103.528084,Fault,Fault,130,71,2681.518665
5-1-19-6,32.361733,103.528081,Fault,Fault,127,67,2686.726673
5-1-19-6,32.361721,103.528065,Fault,Fault,123,80,2689.138294
5-1-19-6,32.361704,103.528025,Fault,Fault,123,78,2690.387074
5-1-19-6,32.361763,103.528093,Fault,Fault,136,52,2685.453724
5-1-19-6,32.361749,103.528088,Fault,Fault,125,55,2694.526722
5-1-19-6,32.362124,103.528012,Fault,Fault,150,31,2683.454945
5-1-19-6,32.36211,103.527755,Fault,Fault,150,58,2694.618031
5-1-19-6,32.362267,103.527833,Fault,Fault,192,41,2691.99181
5-1-19-6,32.362317,103.528159,Fault,Fault,173,49,2687.764271
5-1-19-6,32.362488,103.527986,Tr,Bedding,279,88,2694.004017
5-1-19-6,32.36248,103.527991,Tr,Bedding,101,85,2691.985706
5-1-19-7,32.353606,103.541702,Fault,Fault,96,86,2649.925892
5-1-19-7,32.353644,103.541542,Fault,Fault,99,85,2657.134632
5-1-19-7,32.353704,103.541573,Tr,Bedding,179,84,2654.374378
5-1-19-7,32.355062,103.540032,Fault,Fault,226,69,2653.610006
5-1-19-7,32.355134,103.539983,Fault,Fault,319,66,2657.539173
5-1-19-7,32.355068,103.54008,Fault,Fault,106,72,2647.191273
5-1-19-7,32.355862,103.539666,Tr,Bedding,209,74,2669.442493
5-1-19-8,32.34531,103.549727,Fault,Fault,143,62,2649.547474
5-1-19-8,32.345352,103.549754,Fault,Fault,136,53,2649.347523
5-1-19-8,32.345667,103.549987,Fault,Fault,140,52,2621.813831
5-1-19-8,32.345386,103.549352,Tr,Overturned bedding,109,48,2639.106556
5-1-19-8,32.345406,103.549381,Fault,Fault,120,43,2648.101185
5-1-19-8,32.345421,103.549374,Fault,Fault,140,68,2645.708607
5-1-19-8,32.345426,103.549372,Fault,Fault,137,52,2645.450062
5-1-19-8,32.345447,103.549329,Fault,Fault,116,55,2648.975208
5-1-19-8,32.345434,103.549341,Fault,Fault,120,56,2639.637562
5-1-19-8,32.345434,103.549341,Fault,Fault,113,50,2639.637562
5-1-19-8,32.345437,103.549341,Fault,Fault,127,55,2643.488148
5-1-19-8,32.345441,103.549309,Fault,Fault,123,88,2646.559925
5-1-19-8,32.345441,103.549309,Fault,Fault,128,80,2646.559925
5-1-19-8,32.345488,103.5493,Fault,Fault,168,75,2616.206898
5-1-19-8,32.345566,103.549323,Fault,Fault,156,61,2603.066029
5-1-19-8,32.345489,103.54922,Fault,Fault,147,51,2618.05724
5-1-19-8,32.345505,103.549198,Fault,Fault,144,69,2607.437611
5-1-19-8,32.345547,103.549144,Fault,Fault,114,67,2605.271107
5-1-19-8,32.345564,103.54913,Fault,Fault,131,77,2603.561634
5-1-19-8,32.345507,103.549133,Fault,Fault,127,72,2601.706165
5-1-19-8,32.345488,103.548584,Tr,Bedding,9,89,2600.298206
5-1-19-8,32.345427,103.548321,Fault,Fault,274,79,2635.072865
5-1-19-8,32.345427,103.548321,Fault,Fault,279,87,2635.072865
5-1-19-8,32.345456,103.548317,Fault,Fault,264,72,2636.836048
5-1-19-8,32.345459,103.548296,Fault,Fault,256,89,2631.753284
5-1-19-8,32.345509,103.548317,Fault,Fault,275,86,2632.643665
5-1-19-8,32.3455,103.54829,Fault,Fault,246,79,2633.009632
5-1-19-8,32.345462,103.548296,Fault,Fault,255,85,2632.038441
5-1-19-8,32.345472,103.548296,Fault,Fault,276,78,2635.412464
5-1-19-8,32.345476,103.548304,Fault,Fault,135,82,2634.259388
5-1-19-8,32.345465,103.548294,Fault,Fault,292,84,2631.315296
5-1-19-8,32.345327,103.548309,Fault,Fault,116,83,2637.431263
5-1-19-8,32.345295,103.548338,Fault,Fault,309,87,2634.897816
5-1-19-8,32.345455,103.548153,Tr,Bedding,28,80,2637.170765
5-1-19-8,32.345455,103.548156,Fault,Fault,286,72,2638.78722
5-1-19-8,32.345481,103.548126,Fault,Fault,276,61,2633.445423
5-1-19-8,32.345507,103.548161,Fault,Fault,291,77,2637.19347
5-1-19-8,32.345505,103.548052,Fault,Fault,131,86,2643.968128
5-1-19-9,32.676745,103.601294,Tr,Foliation,155,68,2885.594082
5-1-19-9,32.676968,103.601002,Fault,Fault,8,71,2887.41785
5-1-19-9,32.676962,103.600993,Fault,Fault,1,71,2882.512783
5-1-19-9,32.676962,103.600993,Fault,Fault,3,82,2882.512783
5-1-19-9,32.676955,103.601048,Fault,Fault,10,87,2882.265073
5-1-19-9,32.676965,103.601032,Fault,Fault,8,86,2884.372034
5-1-19-9,32.67694,103.600988,Fault,Fault,11,64,2878.884449
5-1-19-9,32.676935,103.600979,Fault,Fault,5,80,2883.321818
5-1-19-9,32.676931,103.601022,Fault,Fault,11,83,2886.262291
5-1-19-9,32.67695,103.601088,Fault,Fault,26,58,2883.442715
5-1-19-9,32.67695,103.601088,Fault,Fault,23,63,2883.442715
5-1-19-9,32.676856,103.601076,Fault,Fault,0,49,2880.781017
5-1-19-9,32.676856,103.601076,Fault,Fault,9,63,2880.781017
5-1-19-9,32.676835,103.601034,Fault,Fault,357,54,2880.145688
5-1-19-9,32.676844,103.60105,Fault,Fault,157,82,2880.475766
5-1-19-9,32.676836,103.601071,Fault,Fault,296,83,2883.180996
5-1-19-9,32.676836,103.601071,Fault,Fault,294,79,2883.180996
5-1-19-9,32.676836,103.601071,Fault,Fault,267,72,2883.180996
5-1-19-9,32.676833,103.60107,Tr,Bedding,162,61,2882.92709
5-2-19-1,32.742003,102.412332,Tr,Bedding,157,25,3509.06472
5-2-19-1,32.742074,102.412507,Tr,Bedding,80,35,3509.682884
5-2-19-1,32.742055,102.412524,Tr,Bedding,132,47,3504.632306
5-2-19-1,32.742075,102.412705,Tr,Bedding,111,30,3508.566167
5-2-19-1,32.742047,102.412733,Fault,Fault,115,68,3512.165113
5-2-19-2,32.727729,102.40113,Tr,Bedding,150,34,3514.009544
5-2-19-2,32.727731,102.40112,Tr,Bedding,120,37,3513.088017
5-2-19-2,32.727756,102.401164,Tr,Bedding,90,46,3511.748506
5-2-19-3,32.708209,102.367404,Fault,Fault,272,47,3528.541367
5-2-19-3,32.708184,102.367409,Fault,Fault,279,80,3517.859238
5-2-19-3,32.708184,102.367409,Fault,Fault,92,84,3517.859238
5-2-19-3,32.70793,102.367087,Tr,Bedding,92,60,3515.982933
5-2-19-4,32.514134,102.367422,Tr,Bedding,331,86,3550.17123
5-2-19-4,32.514134,102.367422,Tr,Bedding,4,71,3550.17123
5-2-19-4,32.514136,102.367476,Fault,Fault,357,77,3552.947753
5-2-19-4,32.514151,102.36747,Fault,Fault,353,65,3553.513271
5-2-19-4,32.514237,102.367985,Fault,Fault,7,83,3557.869012
5-2-19-4,32.514237,102.367985,Fault,Fault,13,82,3557.869012
5-2-19-4,32.514237,102.367985,Fault,Fault,131,44,3557.869012
5-2-19-4,32.514237,102.367985,Fault,Fault,176,74,3557.869012
5-2-19-4,32.514237,102.367985,Fault,Fault,173,70,3557.869012
5-2-19-4,32.514231,102.367978,Fault,Fault,184,73,3558.404255
5-2-19-4,32.514231,102.367978,Fault,Fault,142,64,3558.404255
5-2-19-4,32.514231,102.367978,Fault,Fault,176,73,3558.404255
5-2-19-4,32.514231,102.367978,Fault,Fault,157,66,3558.404255
5-2-19-4,32.514231,102.367978,Fault,Fault,170,63,3558.404255
5-2-19-4,32.514231,102.367978,Fault,Fault,146,52,3558.404255
5-2-19-4,32.514231,102.367978,Fault,Fault,163,65,3558.404255
5-2-19-4,32.514219,102.367991,Fault,Fault,150,50,3557.41654
5-2-19-4,32.514242,102.368003,Fault,Fault,138,45,3558.471544
5-2-19-4,32.514249,102.368002,Fault,Fault,143,48,3557.232456
5-2-19-4,32.514102,102.368042,Fault,Fault,148,84,3552.27412
5-2-19-5,32.535306,102.503816,Tr,Bedding,232,36,3645.673541
5-2-19-6,32.537515,102.525541,Tr,Bedding,206,53,3648.051206
5-2-19-6,32.537507,102.525552,Tr,Bedding,204,51,3652.249018
5-2-19-6,32.537421,102.52508,Tr,Bedding,169,79,3652.476318
5-2-19-7,32.771681,102.842023,Fault,Fault,251,26,3597.568734
5-2-19-7,32.771681,102.842039,Fault,Fault,232,33,3597.137159
5-2-19-7,32.771685,102.842047,Fault,Fault,208,26,3598.29626
5-2-19-7,32.771417,102.840806,Fault,Fault,266,14,3602.975561
5-2-19-7,32.771417,102.840806,Tr,Bedding,339,5,3602.975561
5-2-19-7,32.76725,102.835665,Tr,Bedding,239,53,3600.781067
5-2-19-7,32.766626,102.834383,Fault,Fault,265,78,3604.047607
5-2-19-7,32.766626,102.834383,Fault,Fault,256,68,3604.047607
5-2-19-7,32.766626,102.834383,Fault,Fault,269,52,3604.047607
5-2-19-7,32.766626,102.834383,Fault,Fault,273,68,3604.047607
5-2-19-7,32.766626,102.834383,Fault,Fault,249,46,3604.047607
5-2-19-7,32.766626,102.834383,Fault,Fault,250,36,3604.047607
5-2-19-7,32.766626,102.834383,Fault,Fault,249,37,3604.047607
5-2-19-7,32.766626,102.834383,Fault,Fault,248,53,3604.047607
5-2-19-7,32.766626,102.834383,Fault,Fault,244,59,3604.047607
5-2-19-7,32.766626,102.834383,Fault,Fault,258,70,3604.047607
5-2-19-7,32.766626,102.834383,Fault,Fault,269,46,3604.047607
5-2-19-7,32.766626,102.834383,Fault,Fault,261,41,3604.047607
5-2-19-7,32.766626,102.834383,Fault,Fault,240,69,3604.047607
5-2-19-7,32.766626,102.834383,Fault,Fault,262,53,3604.047607
5-2-19-7,32.766626,102.834383,Fault,Fault,257,56,3604.047607
5-2-19-7,32.766626,102.834383,Fault,Fault,260,58,3604.047607
5-2-19-7,32.766626,102.834383,Tr,Bedding,269,30,3604.047607
5-2-19-7,32.766752,102.834602,Fault,Fault,253,57,3600.004108
5-2-19-7,32.766746,102.834581,Fault,Fault,248,73,3600.487517
5-2-19-7,32.766762,102.834569,Fault,Fault,249,57,3599.907981
5-2-19-7,32.766762,102.834569,Fault,Fault,259,60,3599.907981
5-2-19-7,32.766747,102.834548,Tr,Bedding,258,43,3600.156483
5-2-19-7,32.766785,102.834671,Tr,Bedding,253,45,3597.434594
5-2-19-7,32.766784,102.834736,Tr,Bedding,256,32,3596.099895
5-2-19-7,32.766943,102.835223,Tr,Bedding,259,23,3592.878913
5-2-19-8,32.803905,102.847944,Tr,Bedding,243,41,3582.057468
5-2-19-8,32.795959,102.848862,Tr,Bedding,224,53,3585.052144
5-2-19-8,32.792303,102.847505,Tr,Bedding,39,47,3585.052144
5-2-19-8,32.792093,102.847516,Tr,Bedding,30,55,3586.316959
5-2-19-8,32.792097,102.847517,Tr,Bedding,30,51,3585.402832
5-2-19-8,32.789329,102.848623,Tr,Bedding,233,59,3583.173178
5-2-19-8,32.789386,102.848607,Tr,Bedding,202,70,3585.710438
5-2-19-8,32.775577,102.848234,Tr,Bedding,238,6,3589.8434
5-2-19-9,32.88296,102.813185,Tr,Bedding,264,34,3556.864994
5-2-19-9,32.872419,102.821633,Tr,Bedding,345,30,3560.709805
5-2-19-9,32.856515,102.852502,Fault,Fault,212,75,3590.798491
5-2-19-9,32.856537,102.852502,Fault,Fault,245,89,3591.237052
5-2-19-9,32.856528,102.852502,Fault,Fault,59,89,3592.828733
5-2-19-9,32.856554,102.852496,Fault,Fault,248,57,3592.173575
5-2-19-9,32.856538,102.852497,Fault,Fault,242,65,3591.82985
5-2-19-9,32.856529,102.852521,Fault,Fault,228,89,3592.260206
5-2-19-9,32.856529,102.852521,Fault,Fault,66,86,3592.260206
5-2-19-9,32.856529,102.852521,Fault,Fault,47,88,3592.260206
5-2-19-9,32.856529,102.852521,Fault,Fault,54,88,3592.260206
5-2-19-9,32.856583,102.85255,Tr,Bedding,242,47,3595.594255
5-2-19-9,32.832179,102.864456,Tr,Bedding,262,37,3573.960229
5-2-19-9,32.823868,102.858067,Tr,Bedding,259,38,3578.969859
5-2-19-10,32.924379,102.742002,Tr,Bedding,199,21,3508.3204
5-2-19-10,32.924479,102.742157,Fault,Fault,116,76,3508.420254
5-2-19-10,32.924458,102.742103,Tr,Bedding,216,21,3514.404385
5-2-19-10,32.926112,102.75151,Fault,Fault,64,51,3500.461269
5-2-19-10,32.926121,102.75149,Fault,Fault,56,57,3500.706142
5-2-19-10,32.926175,102.751703,Fault,Fault,41,73,3507.671719
5-2-19-10,32.926177,102.751708,Fault,Fault,36,70,3506.970303
5-2-19-10,32.926173,102.75171,Fault,Fault,61,73,3506.69418
5-2-19-10,32.926177,102.751743,Fault,Fault,55,75,3506.691494
5-2-19-10,32.926197,102.751765,Tr,Bedding,229,74,3506.860195
5-2-19-10,32.926291,102.751799,Fault,Fault,53,71,3500.836025
5-2-19-10,32.926292,102.751807,Fault,Fault,64,37,3496.538174
5-2-19-10,32.926292,102.751807,Fault,Fault,74,45,3496.538174
5-2-19-10,32.926329,102.751973,Fault,Fault,55,76,3519.669236
5-2-19-10,32.926329,102.751964,Fault,Fault,56,83,3519.824526
5-2-19-10,32.926376,102.752146,Tr,Bedding,199,67,3519.462198
5-2-19-10,32.92645,102.752223,Fault,Fault,95,75,3519.559834
5-2-19-10,32.926455,102.752236,Fault,Fault,94,77,3520.336558
5-2-19-10,32.926531,102.752242,Fault,Fault,61,67,3514.695156
5-2-19-10,32.926492,102.752318,Fault,Fault,76,84,3522.266201
5-2-19-10,32.926513,102.752367,Fault,Fault,246,81,3514.183881
5-2-19-10,32.92647,102.752393,Fault,Fault,73,85,3514.828792
5-2-19-10,32.926491,102.752392,Fault,Fault,76,85,3515.059552
5-2-19-10,32.926491,102.752392,Fault,Fault,75,83,3515.059552
5-2-19-10,32.926531,102.752403,Fault,Fault,47,87,3512.628074
5-2-19-10,32.926511,102.752439,Fault,Fault,251,89,3513.193447
5-2-19-10,32.926495,102.752412,Fault,Fault,73,77,3506.551846
5-2-19-10,32.926532,102.752436,Fault,Fault,64,81,3503.071377
5-2-19-10,32.926523,102.75238,Fault,Fault,91,62,3502.705166
5-2-19-10,32.926868,102.7535,Fault,Fault,88,57,3524.660615
5-2-19-10,32.926915,102.753526,Fault,Fault,65,71,3524.359816
5-2-19-10,32.926915,102.753526,Fault,Fault,72,70,3524.359816
5-2-19-10,32.926912,102.75349,Fault,Fault,59,51,3523.496954
5-2-19-10,32.926891,102.753505,Fault,Fault,72,64,3523.321755
5-2-19-10,32.926892,102.75349,Fault,Fault,70,77,3524.550693
5-2-19-10,32.926895,102.753512,Fault,Fault,62,86,3522.543568
5-2-19-10,32.92692,102.753432,Tr,Bedding,237,61,3523.321509
5-2-19-11,32.898305,102.667779,Tr,Bedding,48,39,3490.334377
5-2-19-11,32.900959,102.675042,Tr,Bedding,219,56,3488.801492
5-2-19-11,32.913929,102.72522,Tr,Bedding,37,75,3513.811611
5-2-19-11,32.913922,102.725296,Tr,Bedding,25,68,3514.870205
5-2-19-11,32.9139,102.725384,Tr,Bedding,26,43,3508.731289
5-2-19-11,32.913821,102.725481,Tr,Bedding,37,74,3506.143887
5-3-19-1,33.094189,102.655585,Tr,Bedding,100,54,3495.862182
5-3-19-1,33.094177,102.655669,Tr,Bedding,92,55,3494.521509
5-3-19-1,33.107555,102.631616,Fault,Fault,24,71,3491.050625
5-3-19-1,33.107558,102.631612,Fault,Fault,18,74,3491.694912
5-3-19-1,33.107537,102.631584,Tr,Bedding,111,61,3485.122825
5-3-19-1,33.107537,102.631584,Fault,Fault,132,71,3485.122825
5-3-19-1,33.10753,102.631573,Fault,Fault,337,79,3479.533563
5-3-19-1,33.107529,102.631564,Fault,Fault,126,68,3479.568096
5-3-19-1,33.107527,102.631781,Tr,Bedding,115,50,3478.148146
5-3-19-2,33.091808,102.697132,Tr,Bedding,98,53,3492.141206
5-3-19-2,33.091824,102.697187,Tr,Bedding,91,61,3487.684017
5-3-19-3,33.085734,102.744419,Tr,Bedding,23,16,3494.84046
5-3-19-3,33.085691,102.744354,Tr,Bedding,30,23,3497.61302
5-3-19-4,33.0853,102.749869,Tr,Bedding,40,31,3505.294528
5-3-19-4,33.08507,102.749645,Tr,Bedding,41,33,3508.283465
5-3-19-4,33.085172,102.74996,Tr,Bedding,56,39,3500.517776
5-3-19-5,33.096734,102.776689,Tr,Bedding,334,48,3522.542367
5-3-19-5,33.096821,102.776605,Tr,Bedding,340,44,3522.529166
5-3-19-5,33.096806,102.77661,Tr,Bedding,292,20,3523.432591
5-3-19-5,33.093752,102.775231,Tr,Bedding,98,44,3522.584093
5-3-19-5,33.093752,102.775231,Tr,Bedding,103,40,3522.584093
5-3-19-6,33.08069,102.83387,Fault,Fault,151,81,3546.233807
5-3-19-6,33.08078,102.833897,Fault,Fault,299,75,3540.52322
5-3-19-6,33.080711,102.833853,Fault,Fault,81,87,3540.118822
5-3-19-6,33.080689,102.833847,Fault,Fault,98,54,3539.466994
5-3-19-6,33.080685,102.833875,Tr,Bedding,158,77,3540.067927
5-3-19-7,33.063699,102.87198,Fault,Fault,316,60,3586.960857
5-3-19-7,33.063554,102.871944,Fault,Fault,332,54,3582.093391
5-3-19-7,33.063556,102.871959,Fault,Fault,328,51,3579.582943
5-3-19-7,33.063589,102.872097,Fault,Fault,164,74,3578.927585
5-3-19-7,33.063562,102.872042,Fault,Fault,170,76,3579.212307
5-3-19-7,33.0633,102.871805,Tr,Bedding,326,44,3579.379357
5-3-19-7,33.063353,102.871812,Tr,Bedding,338,53,3580.021556
5-3-19-8,33.05042,102.919823,Tr,Bedding,82,63,3558.208828
5-3-19-8,33.051962,102.919071,Tr,Bedding,80,71,3550.665221
5-3-19-8,33.045934,102.901405,Tr,Bedding,263,37,3569.703533
5-3-19-8,33.045872,102.901318,Fault,Fault,319,54,3573.248211
5-3-19-8,33.045908,102.901331,Fault,Fault,285,47,3576.020428
5-3-19-8,33.045985,102.901153,Tr,Bedding,224,56,3561.757244
5-3-19-8,33.045958,102.901161,Fault,Fault,189,51,3575.774822
5-3-19-9,33.007404,102.9686,Tr,Bedding,88,41,3534.913662
5-3-19-9,33.019989,102.934613,Tr,Bedding,353,69,3591.269206
5-3-19-9,33.020184,102.934452,Fault,Fault,166,50,3583.502071
5-3-19-9,33.020195,102.934472,Fault,Fault,156,77,3584.92432
5-3-19-9,33.020154,102.934451,Fault,Fault,159,54,3581.64462
5-3-19-9,33.020147,102.934464,Tr,Bedding,357,50,3582.345931
5-3-19-9,32.985004,102.945169,Fault,Fault,286,67,3539.447159
5-3-19-10,32.976164,102.995575,Tr,Bedding,46,76,3562.150283
5-3-19-10,32.976418,102.995851,Tr,Bedding,237,75,3557.989635
5-3-19-10,32.976427,102.995814,Tr,Bedding,49,51,3556.395691
5-3-19-11,32.9529,103.033709,Tr,Bedding,287,44,3588.175568
5-3-19-11,32.948914,103.030316,Fault,Fault,275,86,3588.81839
5-3-19-11,32.948824,103.030407,Tr,Bedding,109,68,3591.793283
5-3-19-11,32.961484,103.016571,Tr,Bedding,88,52,3630.726328
5-3-19-11,32.961479,103.016545,Tr,Bedding,86,50,3632.574982
5-3-19-11,32.964784,103.01363,Tr,Bedding,58,43,3621.223899
5-3-19-11,32.964898,103.008627,Tr,Bedding,356,60,3569.975592
5-3-19-11,32.965077,103.008595,Tr,Bedding,1,41,3574.620402
5-3-19-11,32.965085,103.008546,Tr,Bedding,350,45,3572.922749
5-3-19-12,32.967732,103.008636,Fault,Fault,255,51,3590.991846
5-3-19-12,32.967686,103.008648,Tr,Bedding,68,51,3589.236016
5-3-19-12,32.967751,103.00864,Fault,Fault,259,50,3588.841792
5-3-19-12,32.967793,103.008596,Tr,Bedding,62,46,3588.247213
5-3-19-12,32.969267,103.003413,Tr,Bedding,43,55,3573.777618
5-3-19-12,32.970097,103.001954,Tr,Bedding,207,42,3574.392297
5-3-19-12,32.970085,103.001979,Tr,Bedding,195,51,3574.646271
5-3-19-13,32.969906,103.08213,Tr,Bedding,64,30,3513.76138
5-3-19-13,32.969873,103.082159,Tr,Bedding,63,37,3512.376767
5-3-19-13,32.972276,103.064539,Tr,Bedding,138,73,3542.627228
5-3-19-13,32.972284,103.064509,Tr,Bedding,140,73,3544.911652
5-3-19-13,32.968785,103.061676,Tr,Bedding,315,57,3568.081669
5-3-19-13,32.968765,103.061693,Tr,Bedding,299,60,3568.415666
5-3-19-13,32.968202,103.055526,Tr,Bedding,255,68,3595.338477
5-3-19-13,32.968338,103.055425,Tr,Bedding,272,71,3591.931892
5-3-19-13,32.966841,103.051443,Tr,Bedding,237,84,3599.561786
5-3-19-13,32.966922,103.051459,Tr,Bedding,272,80,3598.236393
5-3-19-13,32.967022,103.051513,Tr,Bedding,75,88,3598.271064
5-3-19-13,32.965011,103.050717,Tr,Bedding,115,82,3609.62977
5-3-19-13,32.970692,103.01125,Tr,Bedding,118,40,3611.906142
5-3-19-13,32.970946,103.011178,Fault,Fault,257,68,3613.412872
5-3-19-13,32.970925,103.011204,Fault,Fault,271,69,3615.220272
5-3-19-13,32.97091,103.01119,Fault,Fault,249,59,3614.263458
5-3-19-13,32.97091,103.011203,Fault,Fault,261,67,3615.712433
5-3-19-13,32.970967,103.01119,Tr,Bedding,96,42,3613.303497
5-3-19-14,32.935608,103.181086,Tr,Overturned bedding,220,83,3561.787302
5-3-19-14,32.935616,103.181139,Fault,Fault,205,78,3562.267785
5-3-19-14,32.935618,103.181125,Fault,Fault,201,81,3562.216512
5-3-19-14,32.935639,103.181137,Fault,Fault,194,82,3562.348389
5-3-19-14,32.93564,103.181099,Tr,Bedding,227,89,3563.486437
5-3-19-14,32.942662,103.136081,Tr,Bedding,240,25,3562.89505
5-3-19-14,32.964565,103.104508,Tr,Bedding,57,34,3528.107697
5-3-19-14,32.962907,103.099702,Tr,Bedding,69,29,3538.827282
5-3-19-15,32.903146,103.232229,Fault,Fault,60,82,3639.003044
5-3-19-15,32.903146,103.232229,Fault,Fault,71,80,3639.003044
5-3-19-15,32.903142,103.232222,Fault,Fault,67,80,3638.683752
5-3-19-15,32.903163,103.232126,Tr,Bedding,178,80,3639.488937
5-3-19-15,32.903236,103.232103,Fault,Fault,47,87,3638.760864
5-3-19-15,32.903213,103.232138,Fault,Fault,239,60,3638.249639
5-3-19-15,32.903165,103.232162,Fault,Fault,50,75,3636.75338
5-3-19-15,32.903168,103.232134,Tr,Bedding,183,83,3634.626046
5-3-19-15,32.903067,103.230629,Tr,Bedding,10,38,3632.813002
5-3-19-15,32.911526,103.22491,Tr,Bedding,45,49,3624.380352
5-3-19-15,32.915062,103.219145,Tr,Bedding,45,63,3610.147898
5-3-19-15,32.91688,103.2158,Tr,Bedding,36,41,3598.378769
5-3-19-16,32.904853,103.236646,Tr,Bedding,91,33,3657.990226
5-3-19-17,32.915723,103.250885,Tr,Bedding,271,32,3690.283253
5-3-19-17,32.913972,103.246969,Tr,Bedding,293,50,3673.882553
5-3-19-17,32.91364,103.24651,Tr,Bedding,317,71,3670.729472
5-3-19-17,32.912548,103.245105,Tr,Bedding,320,83,3664.409326
5-3-19-17,32.912518,103.245107,Tr,Bedding,165,69,3665.733312
5-3-19-17,32.910887,103.241203,Tr,Bedding,290,73,3668.074268
5-3-19-17,32.91057,103.240631,Tr,Bedding,279,55,3664.306654
5-3-19-18,32.929139,103.27717,Tr,Bedding,97,73,3792.460987
5-3-19-18,32.924162,103.270846,Tr,Bedding,94,74,3808.790577
5-3-19-18,32.911946,103.258666,Fault,Fault,302,79,3767.572315
5-3-19-18,32.911766,103.258553,Fault,Fault,353,84,3782.476765
5-3-19-18,32.911707,103.258481,Fault,Fault,342,89,3778.557075
5-3-19-18,32.911712,103.258504,Fault,Fault,336,86,3780.275624
5-3-19-18,32.911716,103.25847,Fault,Fault,24,84,3779.420566
5-3-19-18,32.911678,103.258383,Fault,Fault,347,74,3779.898249
5-3-19-18,32.911678,103.258383,Fault,Fault,345,74,3779.996266
5-3-19-18,32.911678,103.258383,Fault,Fault,352,77,3779.823833
5-3-19-18,32.91159,103.258311,Fault,Fault,322,80,3776.572934
5-3-19-18,32.91151,103.257956,Tr,Bedding,278,45,3773.528507
5-3-19-18,32.911715,103.257278,Tr,Bedding,203,89,3771.590482
5-3-19-18,32.911767,103.257175,Fault,Fault,193,75,3775.113975
5-3-19-18,32.911767,103.257175,Fault,Fault,200,85,3775.113975
5-3-19-18,32.911756,103.257177,Fault,Fault,202,65,3769.772384
5-3-19-18,32.912074,103.254958,Tr,Bedding,243,62,3750.049626
5-4-19-1,32.905377,103.456755,Tr,Bedding,55,66,3385.599854
5-4-19-1,32.905411,103.456747,Tr,Bedding,53,80,3386.206543
5-4-19-1,32.905411,103.456738,Tr,Bedding,234,80,3392.417236
5-4-19-1,32.905392,103.456743,Tr,Bedding,65,74,3396.671387
5-4-19-1,32.905385,103.456735,Fault,Fault,73,40,3389.082764
5-4-19-1,32.905386,103.456777,Fault,Fault,80,51,3395.663818
5-4-19-1,32.905395,103.456774,Fault,Fault,49,85,3393.462646
5-4-19-1,32.905406,103.456784,Tr,Bedding,218,84,3405.518481
5-4-19-1,32.905451,103.456791,Tr,Bedding,224,83,3398.442978
5-4-19-1,32.905386,103.456801,Fault,Fault,226,63,3391.80037
5-4-19-1,32.905352,103.456813,Fault,Fault,231,80,3393.634033
5-4-19-1,32.905342,103.456845,Tr,Bedding,53,72,3394.194267
5-4-19-1,32.905355,103.456887,Fault,Fault,49,62,3400.728027
5-4-19-1,32.90536,103.456872,Fault,Fault,217,84,3401.512958
5-4-19-1,32.905378,103.456923,Tr,Bedding,36,84,3401.789377
5-4-19-1,32.905378,103.456923,Tr,Bedding,43,77,3401.789377
5-4-19-1,32.90533,103.456858,Fault,Fault,216,74,3398.994873
5-4-19-1,32.90533,103.456858,Fault,Fault,214,63,3398.994873
5-4-19-1,32.905342,103.456899,Tr,Bedding,42,69,3402.539062
5-4-19-1,32.905291,103.456903,Tr,Bedding,225,82,3397.520944
5-4-19-1,32.905343,103.456896,Fault,Fault,51,48,3403.367704
5-4-19-1,32.905328,103.456934,Tr,Bedding,235,88,3400.254456
5-4-19-1,32.905279,103.45698,Tr,Bedding,63,61,3401.263887
5-4-19-1,32.905252,103.457057,Tr,Bedding,43,58,3407.933193
5-4-19-1,32.905339,103.457048,Fault,Fault,46,79,3391.202236
5-4-19-1,32.905242,103.457047,Fault,Fault,53,76,3409.693728
5-4-19-1,32.905228,103.457039,Fault,Fault,316,77,3409.108081
5-4-19-1,32.905186,103.457084,Tr,Bedding,52,71,3404.259232
5-4-19-1,32.905161,103.457213,Tr,Bedding,51,74,3405.15417
5-4-19-1,32.905111,103.457206,Tr,Bedding,232,87,3403.508637
5-4-19-1,32.904956,103.45748,Tr,Bedding,234,86,3397.968714
5-4-19-1,32.90496,103.457489,Tr,Bedding,231,85,3396.829719
5-4-19-2,32.930191,103.427311,Tr,Bedding,276,52,3535.832764
5-4-19-2,32.930191,103.427311,Tr,Bedding,120,78,3535.832764
5-4-19-2,32.930002,103.427389,Tr,Bedding,88,88,3519.974609
5-4-19-2,32.91788,103.441654,Tr,Bedding,249,55,3492.925126
5-4-19-2,32.91788,103.44166,Fault,Fault,265,82,3493.498704
5-4-19-2,32.917883,103.441676,Tr,Bedding,252,72,3493.746338
5-4-19-2,32.917879,103.441662,Fault,Fault,253,63,3498.733154
5-4-19-2,32.917957,103.441711,Fault,Fault,248,85,3503.635986
5-4-19-2,32.917904,103.441649,Tr,Bedding,254,62,3493.846436
5-4-19-2,32.917883,103.441624,Fault,Fault,71,83,3491.915527
5-4-19-2,32.91802,103.441566,Tr,Bedding,239,71,3488.246094
5-4-19-2,32.918088,103.441581,Tr,Bedding,248,66,3498.5979
5-4-19-2,32.917982,103.441578,Fault,Fault,243,81,3513.885742
5-4-19-2,32.918061,103.441536,Fault,Fault,253,83,3483.605731
5-4-19-2,32.918089,103.441511,Tr,Bedding,259,81,3483.467906
5-4-19-2,32.918268,103.441571,Tr,Bedding,260,68,3497.141584
5-4-19-2,32.918309,103.441549,Tr,Bedding,254,70,3496.969444
5-4-19-2,32.918324,103.441557,Tr,Bedding,237,88,3497.982115
5-4-19-2,32.918339,103.441544,Tr,Bedding,72,89,3496.953613
5-4-19-2,32.918358,103.441501,Tr,Bedding,250,74,3493.943604
5-4-19-2,32.91846,103.441505,Tr,Bedding,71,61,3491.341553
5-4-19-2,32.918118,103.441452,Fault,Fault,198,68,3498.127686
5-4-19-2,32.91812,103.441383,Fault,Fault,210,73,3489.376221
5-4-19-2,32.91809,103.44151,Fault,Fault,77,82,3504.60791
5-4-19-2,32.918081,103.44153,Tr,Bedding,247,73,3499.386137
5-4-19-3,32.928064,103.376663,Fault,Fault,358,79,3568.270449
5-4-19-3,32.928086,103.376725,Fault,Fault,342,89,3569.751247
5-4-19-3,32.928115,103.3768,Fault,Fault,162,76,3565.577191
5-4-19-3,32.928106,103.376792,Fault,Fault,168,69,3568.273868
5-4-19-3,32.928102,103.376788,Fault,Fault,165,78,3567.147804
5-4-19-3,32.928028,103.376797,Fault,Fault,170,73,3564.285183
5-4-19-3,32.928175,103.376738,Fault,Fault,175,73,3569.844021
5-4-19-3,32.928136,103.376766,Tr,Bedding,171,76,3570.713417
5-4-19-3,32.928131,103.376762,Tr,Cleavage,156,66,3569.465551
5-4-19-3,32.928256,103.376722,Fault,Fault,169,81,3568.580572
5-4-19-3,32.928115,103.376619,Tr,Bedding,141,82,3566.004421
5-4-19-3,32.928116,103.376587,Tr,Bedding,154,76,3568.367461
5-4-19-3,32.927987,103.376594,Tr,Bedding,158,77,3547.589626
5-4-19-4,32.951699,103.348837,Tr,Bedding,121,62,3784.982127
5-4-19-4,32.951679,103.348886,Tr,Bedding,129,50,3783.586082
5-4-19-5,32.953007,103.336902,Tr,Bedding,108,56,3849.850124
5-4-19-5,32.953086,103.336905,Fault,Fault,1,36,3841.001776
5-4-19-5,32.953117,103.336848,Fault,Fault,322,56,3847.168484
5-4-19-5,32.953117,103.336848,Fault,Fault,329,49,3847.168484
5-4-19-5,32.953117,103.336848,Fault,Fault,339,56,3847.168484
5-4-19-5,32.953077,103.336934,Fault,Fault,350,44,3849.167966
5-4-19-5,32.953057,103.33696,Fault,Fault,347,53,3849.880886
5-4-19-5,32.953057,103.33696,Fault,Fault,1,49,3849.880886
5-4-19-5,32.953069,103.336985,Fault,Fault,353,48,3842.310085
5-4-19-5,32.953027,103.336915,Fault,Fault,333,76,3854.631863
5-4-19-5,32.953103,103.336916,Tr,Bedding,125,63,3855.930202
5-4-19-5,32.95307,103.337687,Tr,Bedding,107,51,3836.263064
5-4-19-6,32.927266,103.318216,Tr,Bedding,327,84,3864.553667
5-4-19-6,32.927266,103.318216,Tr,Bedding,339,64,3864.553667
5-4-19-6,32.927266,103.318216,Tr,Bedding,139,77,3864.553667
5-4-19-6,32.927282,103.3182,Fault,Fault,336,69,3863.835476
5-4-19-6,32.927208,103.31834,Fault,Fault,316,82,3879.882351
5-4-19-6,32.927378,103.318277,Tr,Bedding,111,67,3868.837519
5-4-19-6,32.927393,103.318283,Tr,Bedding,113,78,3865.470261
5-4-19-6,32.927447,103.318313,Fault,Fault,112,86,3866.785671
5-4-19-6,32.9275,103.318323,Tr,Bedding,323,88,3864.212917
5-4-19-6,32.9275,103.318323,Fault,Fault,143,75,3864.212917
5-4-19-6,32.92747,103.31839,Fault,Fault,135,85,3865.630779
5-4-19-6,32.927468,103.318386,Fault,Fault,138,82,3866.492158
5-4-19-6,32.927507,103.318395,Fault,Fault,325,82,3864.178249
5-4-19-6,32.927507,103.318395,Fault,Fault,311,72,3864.178249
5-4-19-6,32.927533,103.318352,Fault,Fault,134,89,3857.414577
5-4-19-6,32.927414,103.318491,Fault,Fault,146,59,3864.162415
5-4-19-6,32.927396,103.318487,Fault,Fault,133,50,3864.584499
5-4-19-6,32.926953,103.318277,Tr,Bedding,136,81,3849.401029
5-4-19-7,32.930727,103.296888,Tr,Bedding,219,60,3801.18712
5-4-19-7,32.924461,103.303499,Tr,Bedding,315,56,3827.493171
5-4-19-7,32.924551,103.303718,Tr,Bedding,301,61,3834.729031
5-4-19-7,32.923151,103.307736,Tr,Bedding,177,70,3863.559109
5-4-19-7,32.922737,103.307958,Tr,Bedding,342,76,3839.901905
5-4-19-7,32.923235,103.308567,Tr,Bedding,159,46,3838.765675
5-4-19-7,32.924325,103.302806,Tr,Bedding,262,37,3812.969776
5-4-19-8,33.010804,103.353622,Tr,Bedding,358,70,3791.79446
5-4-19-8,33.010804,103.353622,Tr,Bedding,6,54,3791.79446
5-4-19-8,33.010856,103.353715,Tr,Cleavage,188,81,3803.200129
5-4-19-8,33.010856,103.353715,Tr,Cleavage,186,89,3803.200129
5-4-19-8,33.010856,103.353715,Tr,Bedding,176,70,3803.200129
5-4-19-8,33.010996,103.353358,Tr,Bedding,347,58,3803.672068
5-4-19-8,33.011171,103.353254,Tr,Bedding,9,65,3802.57282
5-12-19-1,33.105123,103.709643,P,Bedding,51,83,3085.190456
5-12-19-1,33.105116,103.709617,P,Bedding,191,80,3085.801472
5-12-19-2,33.107744,103.709616,Fault,Fault,238,77,3083.239281
5-12-19-2,33.10768,103.709639,P,Bedding,195,85,3080.846661
5-12-19-2,33.107696,103.709695,P,Bedding,10,89,3073.553978
5-12-19-3,33.128522,103.7191,P,Bedding,262,64,3030.094585
5-12-19-3,33.12844,103.719034,P,Bedding,265,63,3029.153423
5-12-19-3,33.128346,103.719087,Fault,Fault,121,67,3036.493755
5-12-19-3,33.128329,103.719031,Fault,Fault,109,69,3034.533062
5-12-19-3,33.128329,103.718975,Fault,Fault,267,68,3036.844585
5-12-19-3,33.128451,103.719136,Fault,Fault,289,77,3038.068218
5-12-19-3,33.126821,103.717509,Fault,Fault,305,51,3035.388206
5-12-19-3,33.126817,103.717421,Fault,Fault,292,56,3032.229759
5-12-19-3,33.126708,103.717433,P,Bedding,331,64,3036.696068
5-12-19-3,33.126717,103.717435,P,Bedding,322,52,3036.047386
5-12-19-3,33.126731,103.717477,P,Bedding,304,57,3035.697289
5-12-19-4,33.135221,103.725892,Fault,Fault,22,53,3038.27354
5-12-19-4,33.135221,103.725892,P,Bedding,201,41,3038.27354
5-12-19-4,33.135232,103.725852,Fault,Fault,23,54,3035.463726
5-12-19-4,33.135294,103.725909,P,Bedding,203,54,3033.090679
5-12-19-4,33.13523,103.725963,P,Bedding,198,38,3025.545435
5-12-19-5,33.142374,103.72853,P,Overturned bedding,63,86,3027.856304
5-12-19-5,33.141925,103.728448,P,Overturned bedding,50,78,3027.249859
5-12-19-5,33.141949,103.728447,P,Overturned bedding,48,83,3027.367535
5-12-19-6,33.146586,103.725775,Tr,Overturned bedding,47,74,3004.171246
5-12-19-6,33.153783,103.734973,Tr,Overturned bedding,45,67,3031.080181
5-12-19-6,33.14365,103.726077,Tr,Overturned bedding,46,79,3017.338238
5-12-19-6,33.1436,103.726019,Tr,Overturned bedding,56,83,3023.859234
5-12-19-7,33.157644,103.717695,Tr,Bedding,9,63,2915.284283
5-12-19-7,33.157644,103.717695,Tr,Bedding,359,59,2915.649517
5-12-19-7,33.162538,103.723913,Tr,Bedding,173,67,2920.849957
5-12-19-7,33.162433,103.724008,Tr,Bedding,182,82,2920.426617
5-12-19-8,33.189526,103.73965,C,Bedding,307,58,2806.854351
5-12-19-8,33.173064,103.726635,Tr,Bedding,86,28,2908.639996
5-12-19-8,33.173082,103.726675,Tr,Bedding,55,46,2907.235943
5-12-19-8,33.173069,103.726718,Tr,Bedding,101,17,2909.895123
5-12-19-8,33.173004,103.726678,Tr,Bedding,61,33,2904.203847
5-12-19-9,33.26987,103.780371,C,Bedding,337,54,2533.712425
5-12-19-9,33.254759,103.759463,Fault,Fault,328,38,2664.530721
5-12-19-9,33.25476,103.759449,Tr,Bedding,292,45,2663.9324
5-12-19-9,33.254699,103.759435,Fault,Fault,24,66,2663.015892
5-12-19-9,33.25476,103.759421,Fault,Fault,40,59,2658.248558
5-12-19-9,33.25476,103.759421,Fault,Fault,43,61,2658.248558
5-12-19-9,33.254777,103.759447,Fault,Fault,41,58,2661.688988
5-12-19-9,33.25475,103.759433,Fault,Fault,50,79,2661.831565
5-12-19-9,33.254747,103.759432,Fault,Fault,55,75,2661.715383
5-12-19-9,33.254733,103.759408,Fault,Fault,49,76,2667.176048
5-12-19-9,33.254732,103.759405,Fault,Fault,323,34,2667.425072
5-12-19-9,33.254742,103.759409,Tr,Bedding,295,43,2666.465355
5-12-19-9,33.255958,103.759056,Fault,Fault,335,76,2665.421654
5-12-19-9,33.256016,103.759018,Tr,Bedding,84,68,2661.767086
5-12-19-9,33.256056,103.758988,Fault,Fault,303,69,2662.078436
5-12-19-9,33.256047,103.758964,Fault,Fault,325,46,2665.986829
5-12-19-9,33.256047,103.758964,Fault,Fault,288,81,2665.986829
5-12-19-9,33.256047,103.758964,Fault,Fault,301,71,2665.986829
5-12-19-9,33.255991,103.758857,Fault,Fault,330,51,2655.809837
5-12-19-9,33.256115,103.759061,C,Bedding,343,33,2666.464134
5-12-19-9,33.256081,103.759012,C,Bedding,339,50,2662.566185
5-12-19-10,33.308306,103.813685,Tr,Bedding,31,68,2191.246281
5-12-19-10,33.308412,103.813587,Tr,Bedding,190,89,2207.654932
5-12-19-10,33.308416,103.813596,Tr,Bedding,191,73,2207.404585
5-12-19-10,33.308534,103.813527,Tr,Bedding,34,86,2209.793888
5-12-19-11,33.304696,103.812401,Fault,Fault,88,31,2309.040714
5-12-19-11,33.3047,103.812317,Fault,Fault,139,69,2292.708439
5-12-19-11,33.3047,103.812317,Fault,Fault,127,55,2292.708439
5-12-19-11,33.304698,103.812318,Fault,Fault,151,66,2294.128117
5-12-19-11,33.304693,103.812328,Fault,Fault,153,25,2294.888859
5-12-19-11,33.304674,103.812276,Fault,Fault,152,25,2287.354435
5-12-19-11,33.304554,103.812357,Tr,Bedding,244,56,2284.85297
5-12-19-11,33.304679,103.812296,Tr,Bedding,267,44,2284.167179
5-12-19-11,33.306274,103.811028,Tr,Bedding,127,22,2276.744816
5-12-19-11,33.306363,103.810956,Tr,Bedding,137,33,2278.668156
5-12-19-11,33.306276,103.811091,Tr,Bedding,120,31,2274.988468
5-12-19-11,33.307065,103.810171,Fault,Fault,305,87,2265.698673
5-12-19-11,33.307052,103.810105,Fault,Fault,299,85,2265.157169
5-12-19-11,33.307047,103.810109,Fault,Fault,296,88,2269.345646
5-12-19-11,33.307024,103.81009,Tr,Bedding,177,60,2255.333683
5-12-19-11,33.30702,103.810465,Fault,Fault,249,53,2265.525122
5-12-19-11,33.30702,103.810446,Fault,Fault,253,64,2251.871232
5-12-19-11,33.307013,103.810447,Fault,Fault,258,64,2251.881594
5-12-19-11,33.306964,103.810528,Tr,Bedding,222,76,2252.953064
5-12-19-11,33.300365,103.793444,C,Bedding,199,62,2291.843529
5-12-19-12,33.309444,103.824998,Fault,Fault,312,89,2189.150089
5-12-19-12,33.309241,103.824705,Fault,Fault,222,63,2185.89423
5-12-19-12,33.309239,103.824683,Fault,Fault,232,70,2184.468693
5-12-19-12,33.309347,103.824628,Tr,Bedding,59,56,2181.05463
5-12-19-12,33.309358,103.824776,Fault,Fault,67,86,2190.634953
5-12-19-12,33.309365,103.824777,Fault,Fault,63,85,2188.968204
5-12-19-12,33.309363,103.82477,Fault,Fault,64,78,2184.52631
5-12-19-12,33.309373,103.82479,Fault,Fault,60,85,2184.671574
5-12-19-12,33.309377,103.824802,Fault,Fault,68,71,2188.122501
5-12-19-12,33.309482,103.824888,Fault,Fault,121,86,2186.823673
5-12-19-12,33.309482,103.824888,Fault,Fault,126,79,2186.823673
5-12-19-12,33.309482,103.824888,Fault,Fault,124,85,2186.823673
5-12-19-12,33.309505,103.824875,Fault,Fault,308,89,2168.857121
5-12-19-12,33.309486,103.824886,Tr,Bedding,186,70,2185.997746
5-12-19-12,33.308857,103.823019,Tr,Bedding,178,56,2188.941349
5-12-19-12,33.308857,103.823019,Tr,Bedding,331,58,2188.941349
5-12-19-13,33.269705,103.911453,Tr,Bedding,111,64,2002.490009
5-12-19-13,33.279529,103.897536,Tr,Bedding,127,70,2031.716152
5-12-19-13,33.279526,103.897515,Tr,Bedding,127,71,2028.897793
5-12-19-13,33.279529,103.897503,Tr,Bedding,127,69,2027.920597
5-12-19-14,33.292122,103.924602,C,Bedding,137,77,1971.830341
5-12-19-14,33.301882,103.933879,Tr,Bedding,336,50,1910.107609
5-12-19-14,33.301786,103.933894,Tr,Bedding,336,44,1910.323185
5-12-19-14,33.295109,103.937576,Tr,Bedding,23,63,1930.822285
5-12-19-14,33.295082,103.937571,Tr,Bedding,10,49,1934.460957
5-12-19-14,33.295074,103.937663,Fault,Fault,64,61,1934.495869
5-12-19-14,33.295116,103.937696,Fault,Fault,52,60,1935.045673
5-12-19-14,33.294739,103.937419,Fault,Fault,280,77,1932.164969
5-12-19-14,33.294754,103.937445,Fault,Fault,292,80,1931.977594
5-12-19-14,33.294784,103.937526,Fault,Fault,21,66,1937.758808
5-12-19-14,33.294829,103.937565,Tr,Bedding,271,59,1939.624531
5-12-19-14,33.294847,103.937536,Tr,Bedding,270,44,1944.991962
5-12-19-14,33.293328,103.936854,Fault,Fault,280,83,1953.771503
5-12-19-14,33.293338,103.936829,Fault,Fault,278,81,1952.783466
5-12-19-14,33.293294,103.936838,Tr,Bedding,282,79,1954.010273
5-12-19-14,33.293256,103.936892,Tr,Bedding,276,76,1958.510029
5-13-19-1,33.310472,103.937897,Tr,Bedding,151,83,1887.800236
5-13-19-1,33.310587,103.937824,Tr,Bedding,319,78,1887.289005
5-13-19-1,33.31079,103.937731,Tr,Bedding,330,83,1886.965275
5-13-19-1,33.310642,103.937799,Tr,Bedding,154,83,1889.119572
5-13-19-1,33.310309,103.937743,Tr,Bedding,325,75,1889.430607
5-13-19-1,33.307472,103.937064,Tr,Bedding,149,86,1890.057072
5-13-19-1,33.307472,103.937064,Tr,Bedding,149,88,1890.874454
5-13-19-1,33.305061,103.935239,Tr,Bedding,271,50,1899.098087
5-13-19-1,33.305184,103.935141,Fault,Fault,352,74,1894.718693
5-13-19-1,33.305213,103.935168,Fault,Fault,311,61,1899.322208
5-13-19-1,33.305259,103.935205,Tr,Bedding,303,53,1899.672794
5-13-19-1,33.305244,103.935182,Tr,Bedding,260,63,1900.774357
5-13-19-1,33.305011,103.935131,Fault,Fault,353,50,1895.750187
5-13-19-1,33.305023,103.935107,Fault,Fault,344,44,1901.140812
5-13-19-1,33.305029,103.935126,Fault,Fault,327,57,1890.094669
5-13-19-1,33.305039,103.935138,Fault,Fault,332,59,1888.295353
5-13-19-1,33.305,103.935193,Fault,Fault,49,63,1889.94672
5-13-19-1,33.305008,103.935211,Fault,Fault,36,64,1889.428654
5-13-19-1,33.305168,103.935321,Tr,Bedding,275,64,1899.580509
5-13-19-1,33.305079,103.935291,Fault,Fault,320,56,1902.389591
5-13-19-1,33.305062,103.935168,Fault,Fault,335,52,1898.820744
5-13-19-1,33.304995,103.935252,Fault,Fault,334,40,1900.374454
5-13-19-2,33.312284,103.943112,Tr,Bedding,346,43,1869.347554
5-13-19-2,33.312288,103.943088,Tr,Bedding,347,44,1869.428837
5-13-19-2,33.309308,103.944223,Tr,Bedding,331,68,1871.190372
5-13-19-3,33.289041,103.91793,P,Bedding,133,80,1974.923847
5-13-19-3,33.287605,103.920364,P,Bedding,131,86,1974.923847
5-13-19-3,33.281718,103.93417,P,Bedding,32,70,1979.912203
5-13-19-3,33.281738,103.93411,P,Bedding,31,73,1977.739692
5-13-19-3,33.280051,103.92699,Tr,Bedding,335,88,1989.078632
5-13-19-3,33.280068,103.927028,Tr,Bedding,153,89,1987.589619
5-13-19-4,33.310179,103.954446,C,Bedding,1,80,1854.758244
5-13-19-4,33.31122,103.953452,Fault,Fault,72,73,1866.035099
5-13-19-4,33.31122,103.953452,Fault,Fault,85,64,1866.035099
5-13-19-4,33.311218,103.953492,Fault,Fault,78,69,1865.815372
5-13-19-4,33.311205,103.953513,Fault,Fault,77,67,1865.702091
5-13-19-4,33.311304,103.953291,C,Bedding,310,75,1867.958439
5-13-19-4,33.311305,103.953249,C,Bedding,339,48,1861.81049
5-13-19-4,33.311237,103.953231,C,Bedding,342,60,1868.520451
5-13-19-5,33.317634,103.966495,P,Bedding,327,89,1843.687443
5-13-19-5,33.318056,103.966315,P,Bedding,327,89,1830.444767
5-13-19-5,33.317547,103.966589,P,Bedding,336,85,1854.402222
5-13-19-5,33.317568,103.966245,P,Bedding,152,82,1856.427433
5-13-19-5,33.315079,103.962599,P,Bedding,325,85,1845.050724
5-13-19-5,33.315095,103.962549,P,Bedding,326,84,1843.907413
5-13-19-5,33.312038,103.958915,P,Cleavage,156,85,1849.938175
5-13-19-5,33.311605,103.958707,P,Bedding,322,72,1849.938175
5-13-19-5,33.312094,103.958993,P,Bedding,315,67,1849.938175
5-13-19-5,33.312075,103.958957,P,Bedding,332,73,1849.924503
5-13-19-5,33.311984,103.959414,P,Cleavage,145,79,1856.119873
5-13-19-5,33.311868,103.959086,P,Bedding,153,52,1856.515079
5-13-19-5,33.312116,103.959683,P,Bedding,344,89,1855.342228
5-13-19-5,33.312676,103.959699,P,Bedding,152,85,1852.644962
5-13-19-6,33.333264,104.019509,P,Bedding,142,54,1744.926113
5-13-19-6,33.3295,104.0136,Fault,Fault,73,75,1780.595547
5-13-19-6,33.329439,104.013374,P,Bedding,122,68,1783.773525
5-13-19-6,33.329216,104.01364,Fault,Fault,75,78,1788.695156
5-13-19-6,33.329218,104.01366,Fault,Fault,84,82,1792.663662
5-13-19-6,33.329174,104.013628,Fault,Fault,286,85,1789.760098
5-13-19-6,33.329153,104.01393,Fault,Fault,111,81,1785.860195
5-13-19-6,33.329177,104.013731,Fault,Fault,299,89,1794.928066
5-13-19-6,33.329082,104.013798,Fault,Fault,119,87,1791.883877
5-13-19-6,33.329093,104.013754,Fault,Fault,120,89,1790.234219
5-13-19-6,33.328953,104.014037,Fault,Fault,85,89,1798.388126
5-13-19-6,33.328945,104.013982,Fault,Fault,123,71,1795.857365
5-13-19-6,33.32902,104.013855,Fault,Fault,118,70,1795.590275
5-13-19-6,33.329008,104.013893,Fault,Fault,121,70,1794.088078
5-13-19-6,33.32912,104.013724,Fault,Fault,84,78,1790.737736
5-13-19-6,33.329004,104.013842,Fault,Fault,83,83,1789.645451
5-13-19-6,33.329148,104.013559,Fault,Fault,68,79,1789.26923
5-13-19-6,33.329202,104.01351,Fault,Fault,71,84,1788.77216
5-13-19-6,33.329128,104.013634,Fault,Fault,118,72,1786.016056
5-13-19-6,33.329122,104.013626,Fault,Fault,120,74,1786.436954
5-13-19-6,33.329268,104.013407,Fault,Fault,73,81,1777.953556
5-13-19-6,33.329151,104.013696,Fault,Fault,79,80,1776.034611
5-13-19-6,33.329323,104.013527,Fault,Fault,86,83,1767.208439
5-13-19-6,33.329304,104.013498,Fault,Fault,83,81,1778.786564
5-13-19-6,33.328923,104.012724,P,Cleavage,122,47,1783.163737
5-13-19-6,33.328962,104.012642,P,Bedding,155,43,1782.842871
5-13-19-6,33.32895,104.012667,P,Bedding,106,61,1782.764786
5-13-19-6,33.329019,104.012539,P,Bedding,106,68,1776.22089
5-13-19-6,33.328931,104.012426,P,Bedding,124,58,1778.24506
5-13-19-7,33.347499,104.077791,P,Bedding,114,48,1593.930752
5-13-19-7,33.352828,104.063109,P,Bedding,116,33,1609.978848
5-13-19-7,33.344209,104.050847,P,Bedding,154,38,1625.461269
5-13-19-7,33.34426,104.050397,P,Bedding,157,34,1633.879726
5-13-19-7,33.344266,104.050363,P,Bedding,164,37,1631.894863
5-13-19-7,33.343167,104.044488,P,Bedding,164,37,1652.93832
5-13-19-7,33.340168,104.034928,P,Bedding,119,50,1692.376308
5-13-19-7,33.340219,104.03465,Fault,Fault,140,38,1706.680752
5-13-19-7,33.340219,104.03465,Fault,Fault,135,41,1706.680752
5-13-19-7,33.340215,104.034705,Fault,Fault,144,40,1704.505215
5-13-19-7,33.340138,104.034715,P,Bedding,138,42,1695.189053
5-13-19-7,33.339199,104.03047,P,Bedding,135,49,1721.98402
5-13-19-7,33.33919,104.030461,P,Bedding,126,50,1721.727139
5-13-19-8,33.284849,104.165191,P,Bedding,92,34,1486.815517
5-13-19-8,33.285082,104.164805,P,Bedding,84,30,1489.548916
5-13-19-8,33.309073,104.157259,P,Bedding,146,17,1503.779873
5-13-19-8,33.309422,104.157152,P,Bedding,127,16,1501.629848
5-13-19-8,33.310009,104.156333,P,Bedding,344,45,1522.349575
5-13-19-8,33.328955,104.119245,P,Bedding,157,35,1545.085293
5-13-19-8,33.329219,104.118402,P,Bedding,175,35,1546.658901
5-13-19-8,33.33205,104.108682,P,Bedding,158,28,1566.717739
5-13-19-8,33.332295,104.10427,P,Bedding,125,41,1561.099209
5-13-19-9,33.288311,104.210947,P,Foliation,78,18,1448.329826
5-13-19-9,33.288327,104.210895,P,Foliation,65,21,1442.968132
5-13-19-9,33.288344,104.210715,P,Foliation,113,26,1457.963127
5-13-19-9,33.288329,104.210696,P,Foliation,109,11,1459.682976
5-13-19-9,33.288203,104.210946,Fault,Fault,86,88,1459.242546
5-13-19-9,33.28817,104.211054,Fault,Fault,85,82,1450.769402
5-13-19-9,33.287862,104.211623,Fault,Fault,84,85,1593.162346
5-13-19-10,33.22638,104.255732,P,Bedding,314,52,1396.057976
5-13-19-10,33.224914,104.256316,P,Bedding,331,52,1397.626335
5-13-19-10,33.238656,104.245903,P,Bedding,188,48,1398.801506
5-13-19-10,33.23864,104.245907,P,Bedding,184,38,1398.689323
5-13-19-10,33.23868,104.245881,P,Bedding,207,27,1399.796257
5-13-19-10,33.238641,104.245856,P,Bedding,225,20,1402.871086
5-13-19-11,33.200286,104.248522,Fault,Fault,328,54,1345.034904
5-13-19-11,33.200058,104.248385,Fault,Fault,152,66,1349.956047
5-13-19-11,33.200022,104.248603,Fault,Fault,162,82,1362.928337
5-13-19-11,33.200248,104.248658,Fault,Fault,140,87,1341.348259
5-13-19-11,33.200339,104.248581,Fault,Fault,311,67,1335.817009
5-13-19-11,33.20029,104.248727,Fault,Fault,160,88,1334.03051
5-13-19-11,33.200507,104.248722,Fault,Fault,197,63,1337.028557
5-13-19-11,33.200518,104.24865,Fault,Fault,203,69,1342.734489
5-13-19-11,33.200592,104.248818,P,Bedding,165,89,1339.618401
5-13-19-11,33.200579,104.248876,P,Bedding,344,81,1333.629631
5-13-19-11,33.202781,104.248202,Fault,Fault,16,76,1345.069328
5-13-19-11,33.202706,104.248231,P,Bedding,175,28,1342.412102
5-13-19-11,33.202787,104.248118,Fault,Fault,192,79,1344.464714
5-13-19-11,33.202777,104.248115,Fault,Fault,167,66,1357.953239
5-13-19-11,33.202812,104.248132,Fault,Fault,161,77,1361.71801
5-13-19-11,33.202914,104.248049,Fault,Fault,297,88,1341.990227
5-13-19-11,33.202888,104.248064,Fault,Fault,308,60,1345.104485
5-13-19-11,33.202869,104.248059,Fault,Fault,343,58,1345.834221
5-13-19-11,33.202868,104.248054,Fault,Fault,336,60,1341.259026
5-13-19-11,33.202885,104.248003,Fault,Fault,146,76,1344.664177
5-13-19-11,33.202872,104.247992,Fault,Fault,167,70,1338.71801
5-13-19-11,33.202881,104.24797,Fault,Fault,193,67,1338.162712
5-13-19-11,33.202928,104.247909,Fault,Fault,301,84,1343.631828
5-13-19-11,33.202902,104.247892,Fault,Fault,299,84,1369.949211
5-13-19-11,33.203353,104.2478,Fault,Fault,16,60,1359.47216
5-13-19-11,33.203254,104.247712,Fault,Fault,30,48,1352.203728
5-13-19-11,33.203188,104.247698,Fault,Fault,307,59,1342.738274
5-13-19-11,33.203278,104.247832,Fault,Fault,310,57,1357.486687
5-13-19-11,33.203043,104.247902,Fault,Fault,297,86,1351.37011
5-13-19-11,33.203029,104.247896,Fault,Fault,299,82,1349.143913
5-13-19-11,33.202979,104.247877,Fault,Fault,303,87,1324.298576
5-13-19-11,33.201749,104.252534,P,Bedding,168,77,1359.75341
5-13-19-11,33.207101,104.253342,P,Bedding,210,61,1363.846306
5-13-19-11,33.217379,104.25336,P,Bedding,206,57,1365.711662
5-13-19-12,33.192858,104.247785,P,Bedding,152,76,1331.025219
5-13-19-12,33.193145,104.248179,P,Bedding,151,76,1333.078686
5-13-19-12,33.193035,104.248354,P,Bedding,176,65,1340.920581
5-13-19-12,33.193054,104.248341,Fault,Fault,173,77,1343.384811
5-13-19-12,33.193052,104.248334,Fault,Fault,171,78,1343.448584
5-13-19-12,33.193075,104.248279,Fault,Fault,321,60,1343.550863
5-13-19-12,33.193057,104.248203,Fault,Fault,316,72,1344.276196
5-13-19-12,33.193288,104.2483,Fault,Fault,354,88,1325.478466
5-13-19-12,33.19334,104.248307,Fault,Fault,345,82,1331.0583
5-13-19-12,33.193343,104.248346,Fault,Fault,337,82,1328.576122
5-13-19-12,33.193379,104.248328,Fault,Fault,339,83,1326.886303
5-13-19-13,33.166705,104.248754,P,Bedding,235,75,1304.994311
5-13-19-13,33.166829,104.248922,P,Bedding,287,70,1302.310281
5-13-19-13,33.166913,104.249058,P,Bedding,268,65,1301.786485
5-13-19-13,33.167231,104.249671,P,Bedding,310,88,1298.797251
5-13-19-13,33.167089,104.249954,P,Bedding,119,86,1299.580113
5-13-19-13,33.167327,104.255642,P,Bedding,331,74,1299.367735
5-13-19-13,33.169189,104.251723,P,Bedding,328,77,1288.098454
5-13-19-13,33.169163,104.251747,Fault,Fault,331,72,1290.540447
5-13-19-13,33.169159,104.251753,Fault,Fault,326,70,1290.403772
5-13-19-13,33.16928,104.251768,Fault,Fault,327,64,1294.244373
5-13-19-13,33.169287,104.251775,Fault,Fault,340,80,1293.904285
5-13-19-13,33.169305,104.251769,Fault,Fault,185,89,1293.592672
5-13-19-13,33.169305,104.251769,Fault,Fault,5,89,1293.592672
5-13-19-13,33.169259,104.251851,Fault,Fault,1,86,1293.685654
5-13-19-13,33.169336,104.251726,P,Bedding,346,89,1293.571176
5-13-19-14,33.155805,104.242908,P,Bedding,295,83,1364.417065
5-13-19-14,33.155655,104.242802,Fault,Fault,313,83,1366.63496
5-13-19-14,33.155856,104.243164,P,Bedding,112,89,1349.983105
5-13-19-15,33.144823,104.233321,P,Bedding,251,76,1394.898998
5-13-19-15,33.144916,104.233264,P,Bedding,241,83,1402.555004
5-13-19-15,33.14875,104.233873,Fault,Fault,230,66,1355.219909
5-13-19-15,33.14875,104.233873,Fault,Fault,35,81,1355.219909
5-13-19-15,33.148746,104.233886,Fault,Fault,196,75,1355.630889
5-13-19-15,33.14877,104.233902,Fault,Fault,163,83,1355.882742
5-13-19-15,33.148884,104.233895,Fault,Fault,187,88,1354.611401
5-13-19-15,33.148857,104.233955,Fault,Fault,10,86,1355.782055
5-13-19-15,33.148858,104.233972,Fault,Fault,15,88,1356.064526
5-13-19-15,33.149838,104.234942,Fault,Fault,76,69,1349.344311
5-13-19-15,33.149879,104.234931,Fault,Fault,67,67,1349.930614
5-13-19-15,33.149945,104.235139,Fault,Fault,272,88,1361.245434
5-13-19-15,33.149902,104.235138,Fault,Fault,272,85,1360.702465
5-13-19-15,33.149915,104.235152,Fault,Fault,269,88,1360.381542
5-13-19-15,33.149925,104.235183,Fault,Fault,78,83,1362.308178
5-13-19-15,33.149933,104.235193,Fault,Fault,262,89,1363.840649
5-13-19-15,33.145211,104.246111,P,Bedding,339,43,1360.72578
5-13-19-15,33.150185,104.235721,Fault,Fault,312,78,1365.420849
5-13-19-15,33.150204,104.235672,Fault,Fault,155,89,1358.994579
5-13-19-15,33.150225,104.235685,Fault,Fault,322,89,1359.576977
5-13-19-15,33.15024,104.235671,P,Bedding,329,89,1351.049755
5-13-19-16,33.107943,104.237363,P,Bedding,303,55,1430.229321
5-13-19-16,33.107943,104.237363,Fault,Fault,340,81,1430.229321
5-13-19-16,33.107943,104.237363,Fault,Fault,345,61,1430.229321
5-13-19-16,33.107943,104.237363,Fault,Fault,9,82,1430.229321
5-13-19-16,33.107943,104.237363,Fault,Fault,180,79,1430.229321
5-13-19-16,33.107943,104.237363,Fault,Fault,7,88,1430.229321
5-13-19-16,33.107943,104.237363,Fault,Fault,180,80,1430.229321
5-13-19-16,33.107943,104.237363,Fault,Fault,170,70,1430.229321
5-13-19-16,33.107943,104.237363,Fault,Fault,156,86,1430.229321
5-13-19-16,33.107943,104.237363,Fault,Fault,344,59,1430.229321
5-13-19-16,33.107836,104.237548,Fault,Fault,334,70,1425.419018
5-13-19-16,33.107732,104.237579,Fault,Fault,343,62,1427.913036
5-13-19-16,33.107701,104.237598,Fault,Fault,323,85,1430.627758
5-13-19-16,33.10756,104.237686,Fault,Fault,338,88,1431.644848
5-13-19-17,33.104833,104.22686,Fault,Fault,282,85,1452.66206
5-13-19-17,33.104829,104.226835,Fault,Fault,287,80,1449.587231
5-13-19-17,33.104904,104.226904,Fault,Fault,17,89,1459.591991
5-13-19-17,33.103382,104.231522,P,Bedding,246,45,1465.908642
5-13-19-17,33.104796,104.233247,Fault,Fault,201,66,1428.188549
5-13-19-17,33.104784,104.233092,Fault,Fault,110,84,1450.96582
5-13-19-17,33.104773,104.232886,Fault,Fault,195,68,1465.717724
5-13-19-17,33.104773,104.232886,Fault,Fault,213,58,1465.717724
5-13-19-17,33.104761,104.232911,Fault,Fault,110,79,1470.894604
5-13-19-17,33.10477,104.23318,Fault,Fault,223,45,1486.551342
5-13-19-17,33.1046,104.233289,Fault,Fault,105,81,1425.691723
5-13-19-17,33.104563,104.233245,Fault,Fault,110,50,1437.012768
5-13-19-17,33.104647,104.233052,Fault,Fault,99,44,1449.227856
5-13-19-17,33.104699,104.233301,Fault,Fault,108,86,1446.466747
5-13-19-18,33.08328,104.202034,P,Bedding,140,86,1565.161549
5-13-19-18,33.083351,104.201573,P,Bedding,143,85,1585.964039
5-13-19-18,33.087234,104.20442,P,Bedding,126,84,1432.969288
5-13-19-18,33.090316,104.194359,P,Bedding,317,83,1530.275513
5-13-19-18,33.097394,104.20644,P,Bedding,321,66,1507.029591
5-13-19-18,33.097524,104.206448,Fault,Fault,68,78,1508.599903
5-13-19-18,33.097502,104.206403,Fault,Fault,80,75,1510.963184
5-13-19-18,33.097633,104.206344,Fault,Fault,152,81,1495.78899
5-13-19-18,33.097705,104.206376,Fault,Fault,346,72,1497.184254
5-13-19-18,33.097692,104.206378,P,Bedding,142,35,1502.840382
5-13-19-18,33.09757,104.206383,Fault,Fault,75,89,1498.04668
5-13-19-18,33.097541,104.20645,Fault,Fault,6,76,1506.759327
5-13-19-19,33.059877,104.192495,Fault,Fault,235,80,1674.228325
5-13-19-19,33.059966,104.192659,D,Bedding,174,68,1674.828911
5-13-19-19,33.059971,104.192665,Fault,Fault,279,80,1673.163383
5-13-19-19,33.06,104.192701,Fault,Fault,280,76,1672.891655
5-13-19-19,33.060077,104.193027,Fault,Fault,289,81,1675.203911
5-13-19-19,33.060059,104.19301,D,Bedding,179,73,1675.027885
5-13-19-20,33.042462,104.201458,D,Bedding,115,69,1741.414234
5-13-19-20,33.043308,104.201578,D,Bedding,107,74,1740.266285
5-13-19-20,33.04341,104.201591,D,Bedding,136,63,1740.527271
5-13-19-20,33.043456,104.201645,Fault,Fault,143,61,1740.623219
5-13-19-20,33.043472,104.201645,Fault,Fault,144,65,1740.242847
5-13-19-20,33.043446,104.201655,D,Bedding,138,56,1739.6115
5-13-19-20,33.050115,104.198368,Fault,Fault,219,72,1712.620903
5-13-19-20,33.050117,104.198368,Fault,Fault,215,69,1712.692192
5-13-19-20,33.050244,104.198461,Fault,Fault,136,69,1709.093099
5-13-19-20,33.050332,104.19838,Fault,Fault,142,51,1722.239799
5-13-19-20,33.050298,104.198376,D,Bedding,152,52,1706.28936
5-13-19-20,33.050334,104.198344,D,Bedding,148,57,1704.954887
5-14-19-1,33.009674,104.21453,Fault,Fault,150,83,1889.402515
5-14-19-1,33.009675,104.214597,Fault,Fault,146,67,1890.384937
5-14-19-1,33.00963,104.214494,D,Bedding,309,60,1887.506519
5-14-19-1,33.009619,104.214639,Fault,Fault,156,77,1873.743246
5-14-19-1,33.009619,104.214639,Fault,Fault,162,60,1873.743246
5-14-19-1,33.00963,104.214628,Fault,Fault,146,89,1874.420242
5-14-19-1,33.009642,104.214602,Fault,Fault,159,64,1873.821072
5-14-19-1,33.009632,104.214571,Fault,Fault,170,64,1875.547277
5-14-19-1,33.009634,104.214528,Fault,Fault,173,70,1875.186311
5-14-19-1,33.009661,104.214393,Fault,Fault,117,82,1875.99773
5-14-19-1,33.009682,104.214369,Fault,Fault,110,88,1871.114429
5-14-19-1,33.009527,104.214341,D,Bedding,183,58,1877.322681
5-14-19-1,33.009553,104.214679,D,Bedding,329,15,1880.402515
5-14-19-1,33.009575,104.214608,Fault,Fault,177,83,1882.043629
5-14-19-1,33.009583,104.214607,Fault,Fault,188,70,1880.049488
5-14-19-1,33.009584,104.214586,D,Bedding,285,39,1877.907887
5-14-19-1,33.009584,104.214586,Fault,Fault,139,62,1877.907887
5-14-19-1,33.009545,104.214537,Fault,Fault,149,50,1878.877613
5-14-19-1,33.009533,104.214657,Fault,Fault,141,71,1877.489918
5-14-19-1,33.009501,104.214692,Fault,Fault,113,88,1880.143238
5-14-19-1,33.009501,104.214692,Fault,Fault,131,64,1880.143238
5-14-19-1,33.009506,104.214651,Fault,Fault,159,67,1878.852222
5-14-19-1,33.009506,104.214651,Fault,Fault,131,76,1878.852222
5-14-19-1,33.009506,104.214651,Fault,Fault,181,63,1878.852222
5-14-19-1,33.009513,104.214636,Fault,Fault,170,55,1879.110523
5-14-19-1,33.009513,104.214636,Fault,Fault,147,64,1879.110523
5-14-19-1,33.009523,104.214655,Fault,Fault,137,58,1876.890064
5-14-19-1,33.009523,104.214655,Fault,Fault,114,76,1876.890064
5-14-19-1,33.009505,104.214625,Fault,Fault,131,65,1876.743336
5-14-19-1,33.009482,104.214512,Fault,Fault,119,84,1877.943531
5-14-19-2,32.997916,104.225009,C,Bedding,154,30,1954.28669
5-14-19-2,32.998021,104.225029,C,Bedding,136,34,1945.011071
5-14-19-2,32.998045,104.224995,C,Bedding,130,36,1944.090699
5-14-19-2,32.998104,104.224978,C,Bedding,358,13,1942.002189
5-14-19-3,32.974558,104.223451,P,Bedding,257,49,2144.15461
5-14-19-3,32.977065,104.22016,P,Bedding,144,45,2121.993965
5-14-19-3,32.97683,104.220192,P,Bedding,143,37,2127.857491
5-14-19-3,32.97666,104.218632,P,Bedding,84,39,2114.664131
5-14-19-4,32.970004,104.226531,Fault,Fault,285,52,2227.049385
5-14-19-4,32.970003,104.226422,Fault,Fault,281,61,2234.239082
5-14-19-4,32.970154,104.226659,Fault,Fault,66,66,2224.572823
5-14-19-4,32.970189,104.226652,Fault,Fault,70,67,2224.418526
5-14-19-4,32.970188,104.226665,Fault,Fault,66,65,2224.084053
5-14-19-4,32.970074,104.226914,Fault,Fault,307,89,2214.071114
5-14-19-4,32.970065,104.22708,Fault,Fault,286,82,2216.115547
5-14-19-4,32.970073,104.226717,Fault,Fault,125,85,2243.427071
5-14-19-4,32.970216,104.226066,Fault,Fault,336,87,2237.724434
5-14-19-4,32.970252,104.22596,Fault,Fault,153,88,2217.715401
5-14-19-4,32.970242,104.225908,Fault,Fault,146,89,2236.372871
5-14-19-4,32.970257,104.226348,Fault,Fault,335,75,2194.986641
5-14-19-4,32.970258,104.226345,Fault,Fault,320,85,2211.163643
5-14-19-4,32.970282,104.226317,Fault,Fault,325,72,2219.658028
5-14-19-4,32.970235,104.226241,Fault,Fault,337,69,2218.254951
5-14-19-5,32.945101,104.236578,D,Bedding,205,74,2356.803047
5-14-19-5,32.945605,104.235083,D,Bedding,214,84,2350.205147
5-14-19-5,32.945684,104.235161,D,Bedding,22,89,2351.359444
5-14-19-5,32.945741,104.235164,D,Bedding,219,87,2354.578194
5-14-19-5,32.945629,104.235178,D,Bedding,201,86,2348.939034
5-14-19-5,32.945631,104.235172,D,Bedding,195,85,2349.01545
5-14-19-5,32.95263,104.232655,D,Bedding,170,32,2308.069893
5-14-19-5,32.952794,104.23238,D,Bedding,169,37,2294.907784
5-14-19-5,32.952769,104.232393,D,Bedding,168,30,2305.855293
5-14-19-6,32.913962,104.241951,D,Bedding,217,40,2617.980537
5-14-19-6,32.91394,104.241924,D,Bedding,214,45,2609.366035
5-14-19-6,32.91394,104.241999,D,Bedding,211,47,2595.37458
5-14-19-6,32.929143,104.241395,Fault,Fault,352,70,2495.578194
5-14-19-6,32.929083,104.241432,Fault,Fault,354,72,2494.695869
5-14-19-6,32.929139,104.241405,D,Bedding,356,79,2493.692696
5-14-19-7,32.908811,104.249667,D,Bedding,270,50,2812.922188
5-14-19-7,32.908939,104.249656,D,Bedding,339,54,2814.775948
5-14-19-7,32.908965,104.249635,D,Bedding,255,47,2832.476387
5-14-19-7,32.905102,104.250234,D,Bedding,204,78,2766.392159
5-14-19-7,32.905019,104.250181,D,Bedding,193,78,2762.777657
5-14-19-8,32.914378,104.248732,D,Bedding,216,56,2857.355049
5-14-19-8,32.914398,104.248735,D,Bedding,215,55,2859.097481
5-14-19-8,32.914301,104.248705,D,Bedding,210,54,2844.998116
5-14-19-9,32.90415,104.257335,D,Bedding,30,27,3054.896234
5-14-19-9,32.90415,104.257335,D,Bedding,34,33,3054.896234
5-14-19-9,32.904168,104.257379,D,Bedding,33,41,3057.633369
5-14-19-9,32.905289,104.257956,D,Bedding,20,50,3043.421674
5-14-19-9,32.905289,104.25795,D,Bedding,24,50,3042.897964
5-14-19-10,32.89525,104.271303,D,Bedding,113,78,3285.366524
5-14-19-10,32.895554,104.271836,D,Bedding,189,82,3289.41291
5-14-19-10,32.895417,104.271862,Fault,Fault,293,68,3283.2342
5-14-19-10,32.895426,104.271876,Fault,Fault,282,64,3288.110176
5-14-19-10,32.89559,104.271853,D,Bedding,319,86,3287.2071
5-14-19-10,32.895755,104.271873,Fault,Fault,329,76,3295.597237
5-14-19-10,32.895459,104.271575,Fault,Fault,139,65,3289.594551
5-14-19-10,32.897914,104.268687,D,Bedding,270,33,3261.26667
5-14-19-10,32.897912,104.268688,D,Bedding,264,30,3263.829659
5-14-19-10,32.895828,104.270251,D,Bedding,310,60,3235.852119
5-14-19-10,32.89713,104.266783,D,Bedding,281,16,3138.403145
5-14-19-10,32.89713,104.266783,D,Bedding,315,26,3138.403145
5-14-19-10,32.898965,104.265603,D,Bedding,235,52,3133.852855
5-14-19-10,32.898965,104.265599,D,Bedding,238,54,3126.123113
5-14-19-10,32.900649,104.261481,D,Bedding,179,46,3109.590645
5-14-19-10,32.900751,104.262244,Fault,Fault,188,81,3112.693916
5-14-19-10,32.900757,104.262237,Fault,Fault,181,78,3117.243477
5-14-19-10,32.900742,104.262213,Fault,Fault,188,89,3119.988594
5-14-19-10,32.900759,104.262165,Fault,Fault,349,84,3116.254219
5-14-19-10,32.900759,104.262165,Fault,Fault,359,86,3116.254219
5-14-19-10,32.900759,104.262165,Fault,Fault,183,79,3116.254219
5-14-19-10,32.900698,104.262228,Fault,Fault,182,86,3121.734932
5-14-19-10,32.901184,104.262557,D,Bedding,143,46,3115.94927
5-14-19-10,32.901445,104.26318,Fault,Fault,146,68,3117.253731
5-14-19-10,32.901501,104.263202,Fault,Fault,160,62,3108.598946
5-14-19-10,32.901509,104.26317,Fault,Fault,150,70,3107.719551
5-14-19-10,32.901556,104.263162,Fault,Fault,171,62,3120.321358
5-14-19-10,32.901468,104.263151,Fault,Fault,161,66,3115.735176
5-14-19-10,32.901503,104.263132,Fault,Fault,169,74,3112.221504
5-14-19-10,32.901447,104.263359,D,Bedding,156,60,3097.681709
5-14-19-10,32.901601,104.263073,D,Bedding,162,47,3127.708809
5-14-19-11,32.848252,104.283807,D,Bedding,92,77,2925.383369
5-14-19-11,32.848252,104.283807,D,Bedding,103,74,2925.383369
5-14-19-11,32.848243,104.283819,D,Bedding,77,76,2929.626778
5-14-19-11,32.881249,104.267142,D,Bedding,125,46,3153.813057
5-14-19-11,32.881284,104.267151,D,Bedding,113,47,3153.707588
5-14-19-11,32.880099,104.265443,Fault,Fault,183,71,3151.914131
5-14-19-11,32.880102,104.265474,Fault,Fault,186,66,3151.665108
5-14-19-11,32.879996,104.265487,D,Bedding,163,72,3147.81794
5-14-19-11,32.880254,104.265575,D,Bedding,171,84,3148.627754
5-14-19-11,32.88011,104.265639,Fault,Fault,169,70,3144.838936
5-14-19-11,32.880199,104.265715,Fault,Fault,26,86,3127.813789
5-14-19-11,32.880384,104.265641,Fault,Fault,205,87,3077.220528
5-14-19-11,32.880111,104.265702,Fault,Fault,149,53,3157.998604
5-14-19-11,32.880057,104.264923,D,Bedding,177,46,3173.215401
5-14-19-11,32.880004,104.262239,D,Bedding,162,83,3175.661446
5-14-19-11,32.879971,104.262223,D,Bedding,166,80,3176.93708
5-14-19-11,32.880281,104.262703,D,Bedding,268,75,3179.253975
5-14-19-11,32.880544,104.264639,D,Bedding,164,35,3179.783272
5-14-19-11,32.880546,104.26465,D,Bedding,183,31,3180.438301
5-14-19-11,32.880547,104.264652,D,Bedding,161,33,3179.728828
5-14-19-11,32.880426,104.264609,D,Bedding,46,68,3195.120918
5-14-19-12,32.777357,104.325044,Pt,Bedding,64,50,2451.409195
5-14-19-12,32.777379,104.325152,Pt,Bedding,70,51,2467.471939
5-14-19-12,32.780817,104.320798,Pt,Bedding,66,60,2433.277157
5-14-19-12,32.780675,104.320341,Pt,Bedding,95,60,2428.902401
5-14-19-12,32.780772,104.320538,Pt,Bedding,78,59,2435.646786
5-14-19-12,32.784003,104.318062,Pt,Bedding,72,64,2488.02911
5-14-19-12,32.78395,104.318507,Fault,Fault,55,69,2482.979794
5-14-19-12,32.783979,104.318498,Fault,Fault,60,69,2447.494198
5-14-19-12,32.783961,104.318414,Fault,Fault,80,69,2477.627743
5-14-19-12,32.784011,104.318459,Fault,Fault,62,66,2472.748837
5-14-19-12,32.784035,104.318449,Fault,Fault,64,68,2465.28204
5-14-19-12,32.783551,104.318697,Pt,Bedding,77,62,2442.024227
5-14-19-12,32.78219,104.317806,Fault,Fault,69,50,2448.849667
5-14-19-12,32.782787,104.318428,Fault,Fault,61,39,2480.68951
5-14-19-12,32.782828,104.318433,Fault,Fault,58,49,2482.734921
5-14-19-12,32.783178,104.318542,Pt,Bedding,64,48,2486.058895
5-14-19-12,32.782154,104.317454,Fault,Fault,84,82,2551.34454
5-14-19-12,32.783293,104.318875,Pt,Bedding,75,55,2479.84869
5-14-19-12,32.785979,104.31734,D,Bedding,93,73,2508.776669
5-14-19-12,32.786107,104.317224,D,Bedding,85,54,2515.960995
5-14-19-12,32.786121,104.317251,D,Bedding,82,45,2512.881893
5-14-19-12,32.790331,104.315055,D,Bedding,114,53,2532.624325
5-14-19-12,32.79032,104.315232,D,Bedding,92,50,2520.414608
5-14-19-12,32.790392,104.315387,D,Bedding,101,34,2488.992489
5-14-19-12,32.796691,104.311206,D,Bedding,76,82,2590.838436
5-14-19-12,32.796685,104.311204,D,Bedding,262,89,2589.007381
5-14-19-12,32.799182,104.31027,D,Bedding,85,75,2628.172909
5-14-19-12,32.799139,104.310221,D,Bedding,81,79,2629.899227
5-14-19-12,32.801904,104.307127,D,Bedding,82,73,2692.317928
5-14-19-12,32.802048,104.307041,D,Bedding,88,57,2688.700985
5-14-19-12,32.804445,104.304488,D,Bedding,90,79,2726.800594
5-14-19-12,32.804442,104.304459,D,Bedding,98,86,2723.601131
5-14-19-12,32.806131,104.303189,D,Bedding,92,86,2757.849911
5-14-19-12,32.806091,104.303195,D,Bedding,85,73,2765.094296
5-14-19-12,32.806042,104.303128,D,Bedding,269,83,2766.770077
5-14-19-12,32.805982,104.303069,D,Bedding,82,87,2794.452206
5-14-19-12,32.808718,104.302139,D,Bedding,223,29,2766.766415
5-14-19-12,32.808609,104.301972,D,Bedding,231,28,2764.494686
5-14-19-12,32.811817,104.300587,D,Bedding,79,74,2787.225155
5-14-19-12,32.811871,104.300534,D,Bedding,77,77,2787.113094
5-14-19-12,32.811887,104.300496,D,Bedding,71,49,2785.928768
5-14-19-12,32.817475,104.297957,D,Bedding,244,83,2809.821491
5-14-19-12,32.81747,104.297907,D,Bedding,238,75,2810.327595
5-14-19-12,32.82336,104.298383,D,Bedding,71,83,2839.176983
5-14-19-12,32.823363,104.298394,D,Bedding,69,83,2838.610554
5-14-19-13,32.763319,104.317224,S,Cleavage,285,83,2258.106216
5-14-19-13,32.76343,104.317359,S,Cleavage,278,83,2262.288834
5-14-19-13,32.763409,104.317377,S,Cleavage,301,83,2265.92897
5-14-19-13,32.763371,104.317336,D,Bedding,284,60,2265.038589
5-14-19-13,32.76393,104.31794,D,Bedding,260,35,2282.309586
5-14-19-13,32.76396,104.31794,D,Cleavage,31,82,2286.178482
5-14-19-13,32.764078,104.317963,D,Bedding,267,62,2266.333511
5-14-19-13,32.76413,104.318049,D,Bedding,259,41,2273.131607
5-14-19-13,32.764082,104.318326,Pt,Bedding,314,22,2283.479019
5-14-19-13,32.76489,104.318042,Pt,Bedding,313,21,2277.194031
5-14-19-13,32.76493,104.317978,Pt,Bedding,301,27,2277.675571
5-14-19-13,32.774644,104.323596,Pt,Bedding,82,81,2376.570572
5-14-19-13,32.774597,104.323607,Pt,Bedding,94,79,2375.427994
5-14-19-13,32.774616,104.323614,Pt,Bedding,85,85,2372.930679
5-14-19-13,32.774522,104.323449,Pt,Bedding,267,84,2381.160172
5-14-19-13,32.774521,104.323448,Pt,Bedding,255,83,2387.360611
5-14-19-14,32.757571,104.31025,S,Bedding,271,65,2174.900162
5-14-19-14,32.757586,104.310255,S,Cleavage,93,81,2173.507095
5-14-19-14,32.757411,104.309799,Fault,Fault,91,86,2171.512955
5-14-19-14,32.757262,104.309386,Fault,Fault,88,87,2280.075943
5-14-19-14,32.757635,104.310196,S,Bedding,101,81,2171.164566
5-14-19-15,32.75469,104.309738,Fault,Fault,84,59,2145.414322
5-14-19-15,32.754653,104.310033,Fault,Fault,271,80,2145.656265
5-14-19-15,32.754507,104.3099,S,Cleavage,89,74,2142.988541
5-14-19-15,32.754554,104.309888,S,Bedding,279,77,2147.615005
5-14-19-15,32.754447,104.309719,Fault,Fault,268,74,2146.00441
5-14-19-15,32.754296,104.309547,Fault,Fault,91,67,2150.50856
5-14-19-15,32.754225,104.309408,Fault,Fault,282,88,2149.071548
5-14-19-15,32.753886,104.310302,Fault,Fault,97,78,2142.773682
5-14-19-15,32.754538,104.309973,Fault,Fault,27,74,2142.614517
5-14-19-15,32.754533,104.30999,Fault,Fault,183,83,2140.928238
5-14-19-15,32.754533,104.30999,Fault,Fault,178,82,2140.928238
5-14-19-15,32.754524,104.30995,Fault,Fault,9,77,2139.862808
5-14-19-15,32.75452,104.309936,Fault,Fault,12,79,2143.147964
5-14-19-15,32.754516,104.309938,Fault,Fault,18,74,2143.344498
5-14-19-15,32.75454,104.309972,Fault,Fault,2,63,2141.300308
5-14-19-15,32.754543,104.309945,Fault,Fault,13,59,2143.996841
5-14-19-15,32.754515,104.30991,Fault,Fault,23,61,2144.913345
5-14-19-15,32.754493,104.309954,Fault,Fault,9,54,2147.21608
5-14-19-15,32.754712,104.309982,Fault,Fault,83,74,2127.677004
5-14-19-15,32.754654,104.309928,Fault,Fault,97,73,2127.584488
5-14-19-15,32.75462,104.309886,S,Cleavage,91,79,2141.206241
5-14-19-16,32.749959,104.312154,S,Cleavage,270,89,2100.59816
5-14-19-16,32.749911,104.312179,S,Cleavage,78,86,2099.663345
5-14-19-16,32.752377,104.309614,S,Cleavage,89,85,2132.100113
5-14-19-16,32.752431,104.309638,S,Cleavage,276,89,2126.732681
5-14-19-16,32.752408,104.309681,S,Cleavage,97,84,2128.839859
5-14-19-16,32.752431,104.30975,S,Bedding,21,21,2131.261002
5-14-19-17,32.743038,104.317309,S,Bedding,97,85,2087.92189
5-14-19-17,32.743071,104.317338,S,Bedding,97,83,2089.497574
5-14-19-17,32.743091,104.317236,Fault,Fault,98,79,2089.007095
5-14-19-17,32.743093,104.317222,Fault,Fault,104,83,2089.63649
5-14-19-17,32.743094,104.317205,Fault,Fault,102,84,2088.301773
5-14-19-18,32.739978,104.325472,S,Bedding,69,62,2062.943863
5-14-19-18,32.739891,104.325554,S,Bedding,71,62,2065.291519
5-14-19-19,32.735313,104.343061,S,Bedding,28,62,2035.725591
5-14-19-19,32.735297,104.343051,S,Bedding,21,60,2035.379641
5-14-19-20,32.718535,104.367658,Fault,Fault,287,81,1914.467789
5-14-19-20,32.718625,104.367929,Fault,Fault,258,79,1908.979996
5-14-19-20,32.718593,104.367922,Fault,Fault,269,77,1909.901871
5-14-19-20,32.718612,104.367961,Fault,Fault,312,79,1908.291519
5-14-19-21,32.717512,104.369911,S,Foliation,261,89,1914.699722
5-14-19-21,32.717592,104.369785,S,Joint,35,43,1906.468033
5-14-19-21,32.717528,104.369706,Fault,Fault,304,84,1905.534927
5-14-19-21,32.717416,104.369757,Fault,Fault,298,85,1904.354752
5-14-19-21,32.717272,104.369702,Fault,Fault,297,76,1897.731461
5-15-19-1,32.41382,104.525898,Fault,Fault,83,75,892.117317
5-15-19-1,32.413692,104.525772,Fault,Fault,83,74,895.673225
5-15-19-1,32.413706,104.525634,Fault,Fault,100,64,903.75074
5-15-19-1,32.4137,104.525822,S,Bedding,84,86,897.259895
5-15-19-1,32.411613,104.522069,S,Foliation,131,84,878.305171
5-15-19-1,32.411603,104.522044,S,Foliation,129,79,878.59609
5-15-19-1,32.411561,104.522006,S,Foliation,15,89,876.104866
5-15-19-2,32.41932,104.524354,S,Foliation,120,72,891.425179
5-15-19-2,32.419324,104.524371,S,Foliation,107,72,885.689339
5-15-19-2,32.41934,104.52436,S,Foliation,120,80,890.251228
5-15-19-3,32.420821,104.525201,Fault,Fault,59,77,888.193594
5-15-19-3,32.420821,104.525201,Fault,Fault,54,89,888.193594
5-15-19-3,32.420974,104.525225,D,Bedding,84,61,889.338299
5-15-19-3,32.420466,104.525036,Fault,Fault,87,70,886.177254
5-15-19-3,32.420463,104.525017,Fault,Fault,79,64,887.067268
5-15-19-3,32.420463,104.525017,Fault,Fault,92,72,887.067268
5-15-19-3,32.420463,104.525017,Fault,Fault,77,72,887.067268
5-15-19-3,32.420464,104.525021,Fault,Fault,82,73,888.317146
5-15-19-3,32.420483,104.525022,D,Bedding,83,80,890.647835
5-15-19-3,32.420493,104.524972,D,Bedding,89,82,890.568977
5-15-19-3,32.420667,104.525,D,Bedding,77,76,890.946297
5-15-19-3,32.420603,104.525045,D,Foliation,77,68,890.159798
5-15-19-4,32.425016,104.52569,D,Bedding,109,74,914.280647
5-15-19-4,32.424554,104.525835,D,Bedding,95,81,882.562263
5-15-19-5,32.44179,104.534116,S,Foliation,91,67,895.249031
5-15-19-5,32.441771,104.534112,S,Foliation,87,64,894.315315
5-15-19-5,32.441766,104.53415,S,Bedding,83,62,889.61219
5-15-19-6,32.451774,104.530847,S,Foliation,109,57,911.488411
5-15-19-6,32.451417,104.530369,S,Bedding,112,59,911.029182
5-15-19-6,32.451247,104.530347,S,Bedding,112,61,890.318489
5-15-19-7,32.466596,104.523984,S,Bedding,106,50,882.709846
5-15-19-7,32.46636,104.523585,S,Foliation,117,51,939.234138
5-15-19-7,32.466365,104.523341,S,Foliation,90,53,933.213997
5-15-19-7,32.466391,104.523335,S,Foliation,100,51,933.120613
5-15-19-8,32.479095,104.537974,Pt,Bedding,125,51,940.908577
5-15-19-8,32.479018,104.537468,Pt,Bedding,107,52,930.722786
5-15-19-8,32.478759,104.537856,Pt,Bedding,102,47,938.998421
5-15-19-8,32.478715,104.537857,Pt,Bedding,83,63,934.630745
5-15-19-9,32.501913,104.536657,Pt,Bedding,85,64,971.669201
5-15-19-9,32.501813,104.536561,Pt,Foliation,94,64,967.799639
5-15-19-9,32.50178,104.536521,Pt,Foliation,90,65,968.656994
5-15-19-9,32.501748,104.536716,Pt,Bedding,81,58,961.821541
5-15-19-10,32.512363,104.5384,Pt,Foliation,90,49,998.616589
5-15-19-10,32.512286,104.538495,Pt,Foliation,90,56,991.850719
5-15-19-10,32.51231,104.538584,Pt,Foliation,97,41,995.750134
5-15-19-11,32.546548,104.55525,Pt,Bedding,100,36,1135.839123
5-15-19-11,32.546456,104.555081,Fault,Fault,88,80,1137.773693
5-15-19-11,32.546337,104.555395,Fault,Fault,89,85,1139.484509
5-15-19-11,32.545932,104.554402,Pt,Bedding,83,50,1108.099499
5-15-19-11,32.545997,104.554388,Pt,Bedding,103,51,1107.852062
5-15-19-11,32.54182,104.554186,Pt,Foliation,107,49,1112.114758
5-15-19-11,32.541623,104.55406,Pt,Foliation,95,41,1098.325439
5-15-19-11,32.541594,104.55405,Pt,Foliation,111,45,1083.837414
5-15-19-11,32.541605,104.554147,Pt,Foliation,109,43,1083.040295
5-15-19-12,32.570639,104.552835,Pt,Foliation,63,41,1156.676891
5-15-19-12,32.570736,104.552469,Pt,Foliation,76,38,1144.644421
5-15-19-12,32.570757,104.552442,Pt,Foliation,63,38,1145.604748
5-15-19-13,32.602336,104.524295,Pt,Foliation,65,46,1244.559017
5-15-19-13,32.602396,104.524307,Pt,Foliation,65,47,1238.287655
5-15-19-14,32.613761,104.504456,Pt,Foliation,62,41,1311.062435
5-15-19-14,32.613768,104.504436,Pt,Foliation,59,41,1312.053524
5-15-19-14,32.613736,104.504444,Pt,Foliation,71,39,1315.771786
5-15-19-15,32.652075,104.462393,Pt,Bedding,38,69,1425.547563
5-15-19-15,32.652053,104.462388,Pt,Bedding,41,71,1429.472206
5-15-19-15,32.64304,104.476182,Pt,Foliation,78,37,1401.515124
5-15-19-15,32.643079,104.476164,Pt,Foliation,92,48,1407.423378
5-15-19-16,32.658181,104.45794,Pt,Foliation,75,52,1458.434364
5-15-19-16,32.658181,104.45794,Pt,Foliation,82,61,1458.434364
5-15-19-16,32.658105,104.457786,Pt,Foliation,80,62,1445.847939
5-15-19-16,32.658092,104.457674,Pt,Foliation,73,58,1446.711708
5-15-19-16,32.658103,104.45765,Pt,Foliation,39,57,1448.288979
5-15-19-17,32.668052,104.446181,D,Foliation,227,5,1482.711952
5-15-19-17,32.667534,104.445533,D,Foliation,196,9,1494.678017
5-15-19-18,32.677121,104.434662,D,Bedding,69,23,1501.862709
5-15-19-18,32.676348,104.435414,Fault,Fault,70,36,1503.985268
5-15-19-18,32.676372,104.435406,Fault,Fault,96,41,1512.987709
5-15-19-18,32.676394,104.435413,Fault,Fault,102,29,1510.424599
5-15-19-18,32.67616,104.435049,D,Bedding,59,32,1475.667519
5-15-19-18,32.675476,104.436228,D,Bedding,58,18,1494.325844
5-15-19-18,32.675475,104.436147,D,Bedding,53,23,1508.830482
5-15-19-18,32.675657,104.43618,D,Bedding,37,31,1513.811928
5-15-19-20,32.754679,104.297033,S,Foliation,267,18,2135.695583
5-15-19-20,32.754762,104.297138,S,Foliation,281,27,2135.288357
5-15-19-20,32.753313,104.30782,S,Foliation,85,78,2121.926041
5-15-19-20,32.753313,104.30782,S,Foliation,85,79,2121.926041
5-15-19-20,32.753282,104.307722,S,Foliation,91,73,2117.584
5-15-19-21,32.771163,104.251789,S,Foliation,326,43,2235.0574
5-15-19-21,32.770888,104.251763,S,Foliation,334,47,2234.686062
5-15-19-21,32.767567,104.253297,S,Foliation,153,74,2222.832546
5-15-19-21,32.767524,104.253256,S,Foliation,138,73,2203.073269
5-15-19-21,32.768271,104.253953,S,Foliation,125,72,2196.020535
5-15-19-21,32.768304,104.253939,S,Foliation,121,66,2179.455837
5-15-19-21,32.768729,104.255652,S,Foliation,147,84,2186.795681
5-15-19-21,32.769297,104.256675,S,Foliation,151,85,2192.48883
5-15-19-22,32.776084,104.251455,S,Bedding,351,50,2284.431667
5-15-19-22,32.776081,104.251484,S,Bedding,13,36,2270.800564
5-15-19-22,32.776087,104.251474,S,Bedding,8,43,2265.290798
5-15-19-22,32.781316,104.248707,Fault,Fault,342,88,2325.198757
5-15-19-22,32.781511,104.249451,Fault,Fault,348,79,2249.27615
5-15-19-22,32.781153,104.249071,Fault,Fault,6,77,2345.484402
5-15-19-22,32.781134,104.24912,Fault,Fault,355,88,2346.899441
5-15-19-22,32.781027,104.249173,Fault,Fault,342,85,2356.643581
5-15-19-22,32.781019,104.249141,Fault,Fault,335,79,2348.997585
5-15-19-22,32.780946,104.24855,Fault,Fault,333,81,2341.215603
5-15-19-22,32.781584,104.249634,D,Bedding,163,78,2297.626003
5-15-19-22,32.781572,104.249615,D,Bedding,163,89,2325.273952
5-15-19-22,32.781048,104.247525,D,Bedding,140,66,2407.536648
5-15-19-22,32.780738,104.248045,D,Bedding,121,61,2330.473415
5-15-19-22,32.780591,104.248132,Fault,Fault,341,70,2308.691433
5-15-19-22,32.780673,104.248026,Fault,Fault,327,67,2310.257351
5-15-19-22,32.780653,104.248152,Fault,Fault,333,67,2314.737576
5-15-19-22,32.780642,104.248189,Fault,Fault,322,49,2314.452908
5-15-19-22,32.780647,104.248122,Fault,Fault,328,69,2308.732449
5-15-19-22,32.780444,104.248272,Fault,Fault,135,88,2314.025417
5-15-19-22,32.780382,104.248393,Fault,Fault,142,81,2314.87698
5-15-19-22,32.780302,104.248524,Fault,Fault,323,89,2314.399197
5-15-19-22,32.780733,104.247868,D,Bedding,156,77,2321.631618
5-15-19-22,32.77979,104.248635,Fault,Fault,293,45,2297.396023
5-15-19-22,32.779818,104.248591,D,Bedding,303,57,2311.383327
5-15-19-22,32.776309,104.251389,S,Foliation,318,68,2263.922634
5-15-19-22,32.776325,104.251389,S,Foliation,314,66,2264.433376
5-15-19-23,32.78293,104.223264,D,Bedding,163,43,2319.47068
5-15-19-23,32.782939,104.223271,D,Bedding,172,40,2319.159038
5-15-19-23,32.783491,104.230629,D,Bedding,332,74,2330.581814
5-15-19-23,32.78331,104.230497,D,Bedding,316,86,2325.681423
5-15-19-23,32.783318,104.230518,Fault,Fault,175,72,2321.948269
5-15-19-23,32.783318,104.230518,Fault,Fault,170,71,2321.948269
5-15-19-23,32.783361,104.230519,Fault,Fault,75,79,2322.531765
5-15-19-23,32.783395,104.230514,Fault,Fault,104,67,2323.772243
5-15-19-23,32.783395,104.230514,Fault,Fault,76,73,2323.772243
5-15-19-23,32.783383,104.230548,Fault,Fault,227,80,2322.738308
5-15-19-23,32.783365,104.230545,Fault,Fault,46,79,2323.553493
5-15-19-23,32.783336,104.230556,Fault,Fault,57,62,2324.17532
5-15-19-23,32.78336,104.230585,Fault,Fault,137,54,2326.909451
5-15-19-23,32.783351,104.230627,Fault,Fault,156,60,2328.170437
5-15-19-23,32.783351,104.230627,Fault,Fault,312,89,2328.170437
5-15-19-23,32.783346,104.230657,Fault,Fault,144,81,2335.704372
5-15-19-23,32.783367,104.230673,Fault,Fault,319,85,2325.206326
5-15-19-23,32.783367,104.230673,Fault,Fault,135,69,2325.206326
5-15-19-23,32.783367,104.230673,Fault,Fault,138,64,2325.206326
5-15-19-23,32.783357,104.230831,Fault,Fault,142,67,2318.208279
5-15-19-23,32.783384,104.230652,Fault,Fault,147,64,2330.938015
5-15-19-23,32.783301,104.230866,Fault,Fault,143,52,2319.075222
5-15-19-23,32.783271,104.23083,Fault,Fault,144,63,2314.27029
5-15-19-23,32.783383,104.230598,Fault,Fault,136,58,2327.14407
5-15-19-23,32.783323,104.230475,Fault,Fault,81,79,2316.623562
5-16-19-1,32.882493,104.179829,D,Bedding,334,89,2494.714199
5-16-19-1,32.880073,104.176868,D,Bedding,321,19,2472.703074
5-16-19-1,32.880075,104.176876,D,Bedding,347,25,2472.330003
5-16-19-1,32.881706,104.176,D,Bedding,147,77,2373.096656
5-16-19-1,32.881775,104.176042,D,Bedding,150,76,2381.798672
5-16-19-1,32.881872,104.176019,D,Bedding,154,73,2381.980556
5-16-19-2,32.825126,104.204885,D,Bedding,6,20,2296.519001
5-16-19-2,32.825146,104.204901,Fault,Fault,164,89,2296.166218
5-16-19-2,32.825148,104.204871,Fault,Fault,327,89,2299.966267
5-16-19-2,32.825114,104.204875,Fault,Fault,354,86,2299.702595
5-16-19-2,32.825182,104.204868,Fault,Fault,173,63,2296.614216
5-16-19-2,32.825172,104.204873,Fault,Fault,337,81,2297.821735
5-16-19-2,32.825139,104.204814,Fault,Fault,330,89,2304.535603
5-16-19-2,32.825139,104.204814,Fault,Fault,137,86,2304.535603
5-16-19-2,32.825112,104.204826,Fault,Fault,135,88,2303.577106
5-16-19-2,32.825106,104.204821,D,Bedding,42,50,2311.518024
5-16-19-2,32.825087,104.204782,Fault,Fault,144,86,2300.593952
5-16-19-2,32.825078,104.204753,Fault,Fault,327,88,2299.289997
5-16-19-2,32.825144,104.204902,D,Bedding,47,45,2297.529743
5-16-19-2,32.826382,104.202633,D,Foliation,340,89,2289.498982
5-16-19-2,32.826405,104.202583,D,Foliation,161,87,2287.650715
5-16-19-3,32.80658,104.214193,D,Bedding,310,56,2292.077106
5-16-19-3,32.806648,104.214187,D,Bedding,304,61,2294.253676
5-16-19-3,32.806519,104.214111,D,Bedding,285,30,2295.317732
5-16-19-3,32.809533,104.211343,Fault,Fault,269,84,2299.9128
5-16-19-3,32.809512,104.211335,Fault,Fault,266,86,2300.20406
5-16-19-3,32.809527,104.211335,Fault,Fault,262,88,2298.918659
5-16-19-3,32.809527,104.211335,Fault,Fault,261,86,2298.918659
5-16-19-3,32.809526,104.211333,Fault,Fault,83,89,2298.368366
5-16-19-3,32.809506,104.211325,Fault,Fault,4,81,2297.431599
5-16-19-3,32.809457,104.211213,Fault,Fault,217,89,2293.665485
5-16-19-3,32.809522,104.2114,Fault,Fault,66,88,2303.76656
5-16-19-3,32.809569,104.2114,Fault,Fault,262,79,2304.753864
5-16-19-3,32.809795,104.211325,Fault,Fault,84,84,2307.909138
5-16-19-3,32.809925,104.211309,Fault,Fault,87,82,2299.754108
5-16-19-3,32.809639,104.211547,D,Bedding,102,84,2299.330769
5-16-19-3,32.809583,104.211492,Fault,Fault,66,79,2312.92281
5-16-19-3,32.809583,104.211492,Fault,Fault,113,77,2312.92281
5-16-19-3,32.809583,104.211492,Fault,Fault,86,80,2312.92281
5-16-19-3,32.809424,104.211119,D,Bedding,322,86,2304.062458
5-16-19-3,32.809445,104.211119,D,Bedding,318,84,2305.763874
5-16-19-3,32.809464,104.211211,Fault,Fault,179,82,2296.050536
5-16-19-3,32.809508,104.211258,Fault,Fault,18,89,2296.131306
5-16-19-3,32.809488,104.211039,Fault,Fault,218,77,2294.937946
5-16-19-3,32.809158,104.210954,D,Bedding,324,27,2305.839631
5-16-19-3,32.8092,104.210997,D,Bedding,209,50,2304.602497
5-16-19-4,32.801739,104.21428,D,Bedding,330,78,2313.558308
5-16-19-4,32.801781,104.214248,D,Bedding,334,84,2314.198689
5-16-19-4,32.803454,104.214529,D,Bedding,328,60,2310.7607
5-16-19-5,32.799512,104.214099,D,Bedding,1,55,2310.077419
5-16-19-5,32.799661,104.213862,D,Bedding,344,32,2309.749564
5-16-19-5,32.799685,104.213834,D,Bedding,336,17,2313.712033
5-16-19-5,32.799758,104.213891,Fault,Fault,8,81,2315.15299
5-16-19-5,32.799941,104.213628,D,Bedding,342,27,2307.776478
5-16-19-5,32.799944,104.213608,D,Bedding,345,46,2307.016611
5-16-19-5,32.799976,104.213627,D,Bedding,326,46,2308.729144
5-16-19-5,32.799951,104.213588,Fault,Fault,196,74,2309.76778
5-16-19-5,32.799946,104.213584,Fault,Fault,202,80,2312.306599
5-16-19-5,32.800146,104.213479,Fault,Fault,194,63,2311.656715
5-16-19-5,32.800105,104.213457,Fault,Fault,180,73,2306.707966
5-16-19-5,32.800171,104.213504,Fault,Fault,194,56,2309.563177
5-16-19-5,32.800171,104.213504,Fault,Fault,175,62,2309.563177
5-16-19-5,32.80017,104.213514,Fault,Fault,168,73,2307.216666
5-16-19-5,32.80017,104.213514,Fault,Fault,169,70,2307.216666
5-16-19-5,32.800132,104.213547,Fault,Fault,202,64,2305.756303
5-16-19-5,32.80008,104.213538,Fault,Fault,207,78,2312.700642
5-16-19-5,32.80008,104.213538,Fault,Fault,199,69,2312.700642
5-16-19-5,32.80008,104.213538,Fault,Fault,198,70,2312.700642
5-16-19-5,32.800102,104.213587,Fault,Fault,160,67,2319.591999
5-16-19-5,32.800102,104.213587,Fault,Fault,129,63,2319.591999
5-16-19-5,32.800102,104.213587,Fault,Fault,123,60,2319.591999
5-16-19-5,32.800132,104.213623,Fault,Fault,192,61,2334.481892
5-16-19-5,32.800151,104.213606,Fault,Fault,192,60,2302.593952
5-16-19-5,32.800151,104.213606,Fault,Fault,189,82,2302.593952
5-16-19-5,32.800151,104.213606,Fault,Fault,192,83,2302.593952
5-16-19-5,32.800151,104.213606,Fault,Fault,193,81,2302.593952
5-16-19-5,32.800151,104.213606,Fault,Fault,192,79,2302.593952
5-16-19-5,32.800151,104.213606,Fault,Fault,187,83,2302.593952
5-16-19-6,32.792288,104.216584,D,Bedding,352,41,2350.486956
5-16-19-6,32.792236,104.216601,D,Bedding,298,37,2344.320827
5-16-19-6,32.792375,104.216714,D,Bedding,339,27,2341.426111
5-16-19-6,32.794633,104.215905,D,Bedding,280,82,2311.982204
5-16-19-6,32.795046,104.21625,D,Bedding,287,63,2334.846218
5-16-19-6,32.7955,104.215949,Fault,Fault,256,67,2311.887478
5-16-19-6,32.795485,104.215966,Fault,Fault,264,78,2309.320095
5-16-19-6,32.795487,104.215908,D,Bedding,235,61,2324.817654
5-16-19-6,32.795527,104.215712,Fault,Fault,171,77,2315.348415
5-16-19-6,32.795502,104.215657,D,Bedding,242,58,2323.725368
5-16-19-7,32.837325,104.187766,D,Bedding,147,86,2289.921046
5-16-19-7,32.837324,104.187763,D,Bedding,149,86,2289.300761
5-16-19-7,32.837324,104.187763,D,Bedding,143,84,2289.140597
5-16-19-7,32.835187,104.182094,D,Bedding,140,79,2311.230312
5-16-19-7,32.835111,104.182067,Fault,Fault,294,84,2307.572395
5-16-19-7,32.835108,104.182066,Fault,Fault,305,79,2308.793011
5-16-19-7,32.83512,104.182076,Fault,Fault,293,82,2307.296947
5-16-19-7,32.835135,104.182039,D,Bedding,147,77,2305.65292
5-16-19-7,32.832673,104.176206,D,Bedding,338,87,2347.39706
5-16-19-7,32.83253,104.176252,Fault,Fault,331,86,2330.354092
5-16-19-7,32.832628,104.176196,D,Bedding,330,83,2352.984691
5-16-19-8,32.829155,104.16927,Fault,Fault,63,84,2394.349941
5-16-19-8,32.829139,104.169368,Fault,Fault,69,83,2404.92123
5-16-19-8,32.828705,104.169037,D,Bedding,355,38,2424.73666
5-16-19-8,32.828645,104.169102,D,Bedding,5,37,2432.633633
5-16-19-8,32.828529,104.169171,D,Bedding,325,57,2429.451748
5-16-19-9,32.851201,104.186741,D,Bedding,8,22,2319.299406
5-16-19-9,32.851209,104.186736,Fault,Fault,182,70,2319.974057
5-16-19-9,32.851214,104.186711,Fault,Fault,164,72,2321.193041
5-16-19-9,32.851224,104.186689,Fault,Fault,174,69,2322.66632
5-16-19-9,32.851242,104.186621,D,Bedding,311,45,2320.404559
5-16-19-9,32.851242,104.186621,D,Bedding,318,47,2320.404559
5-16-19-9,32.851229,104.186618,Fault,Fault,162,78,2331.285244
5-16-19-9,32.851225,104.186644,Fault,Fault,156,82,2330.448818
5-16-19-9,32.851234,104.186658,Fault,Fault,153,84,2327.988369
5-16-19-9,32.851195,104.186632,Fault,Fault,163,82,2325.501308
5-16-19-9,32.851224,104.186698,Fault,Fault,352,85,2319.775967
5-16-19-9,32.851237,104.186724,Fault,Fault,166,77,2317.537197
5-16-19-9,32.851241,104.186739,Fault,Fault,160,76,2317.93539
5-16-19-9,32.851247,104.186763,Fault,Fault,155,74,2339.900234
5-16-19-9,32.851322,104.186577,D,Bedding,12,65,2308.688076
5-16-19-9,32.851331,104.18659,D,Bedding,357,67,2314.509609
5-16-19-10,32.876659,104.177391,D,Bedding,333,52,2467.812344
5-16-19-10,32.876659,104.177391,D,Bedding,328,54,2467.812344
5-16-19-10,32.873435,104.177099,Fault,Fault,171,71,2458.781094
5-16-19-10,32.873434,104.177123,Fault,Fault,160,54,2461.36459
5-16-19-10,32.87351,104.177056,Fault,Fault,165,61,2458.567715
5-16-19-10,32.873719,104.177063,D,Bedding,319,23,2457.674648
5-16-19-10,32.873281,104.177765,Fault,Fault,119,76,2459.699795
5-16-19-10,32.87327,104.177768,Fault,Fault,112,71,2458.25375
5-16-19-10,32.873333,104.177766,D,Bedding,331,32,2456.415127
5-16-19-10,32.873375,104.177778,Fault,Fault,129,67,2466.655849
5-16-19-10,32.873375,104.177778,Fault,Fault,128,68,2466.655849
5-16-19-10,32.873396,104.177821,Fault,Fault,108,59,2469.667812
5-16-19-10,32.87333,104.177842,Fault,Fault,105,78,2505.257656
5-16-19-10,32.873353,104.177736,D,Bedding,348,37,2471.144619
5-16-19-10,32.865377,104.176761,D,Bedding,357,88,2327.866543
5-16-19-10,32.86536,104.176641,D,Bedding,173,89,2337.416418
5-16-19-10,32.865358,104.176714,D,Bedding,356,88,2337.485191
5-16-19-11,32.888952,104.173365,D,Bedding,151,75,2577.875278
5-16-19-11,32.888941,104.17337,D,Bedding,154,69,2579.873032
5-16-19-11,32.888866,104.173463,Fault,Fault,145,70,2568.007074
5-16-19-11,32.888862,104.173438,D,Bedding,178,61,2565.346677
5-16-19-11,32.888394,104.175071,D,Bedding,167,82,2543.605074
5-16-19-11,32.888394,104.175071,D,Bedding,172,84,2543.605074
5-16-19-11,32.888384,104.175091,D,Bedding,160,86,2558.963955
5-16-19-11,32.886016,104.174304,D,Bedding,134,78,2373.958584
5-16-19-12,32.89651,104.186507,D,Bedding,311,45,2646.065762
5-16-19-12,32.895514,104.184066,D,Bedding,322,37,2638.676601
5-16-19-12,32.891588,104.180725,D,Bedding,268,51,2611.810146
5-16-19-12,32.891538,104.180627,D,Bedding,233,53,2608.311123
5-16-19-12,32.892166,104.181926,D,Bedding,177,75,2625.808926
5-16-19-12,32.892135,104.181919,Fault,Fault,156,69,2630.186367
5-16-19-12,32.892173,104.181915,Fault,Fault,175,88,2625.98373
5-16-19-12,32.892214,104.18195,Fault,Fault,181,73,2629.471035
5-16-19-12,32.892228,104.181971,Fault,Fault,181,65,2627.602321
5-16-19-12,32.892252,104.181993,Fault,Fault,193,78,2626.409512
5-16-19-12,32.892252,104.181993,Fault,Fault,182,65,2626.409512
5-16-19-12,32.892291,104.182032,Fault,Fault,206,65,2625.260176
5-16-19-12,32.892288,104.182007,Fault,Fault,156,86,2625.373349
5-16-19-12,32.892295,104.181993,Fault,Fault,197,60,2625.950686
5-16-19-12,32.892295,104.181993,Fault,Fault,191,69,2625.950686
5-16-19-12,32.8923,104.182011,Fault,Fault,158,67,2623.697305
5-16-19-12,32.8923,104.182011,Fault,Fault,164,70,2623.697305
5-16-19-12,32.8923,104.182011,Fault,Fault,160,80,2623.697305
5-16-19-12,32.892269,104.181915,D,Bedding,188,82,2625.02288
5-16-19-12,32.892238,104.181975,D,Bedding,196,77,2623.800828
5-16-19-12,32.892322,104.182081,D,Bedding,329,42,2620.987372
5-16-19-12,32.892302,104.182062,D,Bedding,314,42,2622.07626
5-16-19-13,33.070541,104.189802,Fault,Fault,357,81,1603.190583
5-16-19-13,33.070541,104.189802,Fault,Fault,330,83,1603.190583
5-16-19-13,33.070533,104.189789,Fault,Fault,1,59,1603.147523
5-16-19-13,33.070513,104.189775,Fault,Fault,329,88,1603.705249
5-16-19-13,33.07053,104.189785,Fault,Fault,153,86,1603.791557
5-16-19-13,33.070528,104.189814,Fault,Fault,335,89,1601.407524
5-16-19-13,33.070534,104.189793,Fault,Fault,324,84,1603.571098
5-16-19-13,33.070608,104.189747,Fault,Fault,339,77,1606.113091
5-16-19-13,33.070635,104.189777,Fault,Fault,325,80,1607.2752
5-16-19-13,33.070507,104.189728,Fault,Fault,336,75,1595.889392
5-16-19-13,33.070509,104.189729,Fault,Fault,335,78,1595.700116
5-16-19-13,33.070494,104.189735,Fault,Fault,339,79,1597.774712
5-16-19-13,33.070512,104.189678,Fault,Fault,346,56,1597.935356
5-16-19-13,33.070513,104.189675,Fault,Fault,346,68,1600.270317
5-16-19-13,33.070513,104.189675,Fault,Fault,351,56,1600.270317
5-16-19-13,33.070562,104.189642,Fault,Fault,355,75,1605.860161
5-16-19-13,33.070612,104.189608,Fault,Fault,356,76,1603.168266
5-16-19-13,33.070605,104.189629,Fault,Fault,321,71,1599.272758
5-16-19-13,33.070639,104.189612,P,Bedding,356,76,1601.795464
5-16-19-13,33.070646,104.189595,P,Bedding,133,38,1598.958794
5-16-19-13,33.075627,104.195684,P,Bedding,134,86,1592.312309
5-16-19-14,33.08485,104.162279,Fault,Fault,124,65,1715.22393
5-16-19-14,33.084817,104.16222,Fault,Fault,122,77,1739.976372
5-16-19-14,33.084705,104.16212,Fault,Fault,130,82,1771.34771
5-16-19-14,33.084541,104.162088,C,Bedding,309,76,1718.666313
5-16-19-14,33.08477,104.162294,C,Bedding,317,72,1712.689507
5-16-19-14,33.082181,104.176553,P,Bedding,225,33,1652.506645
5-16-19-14,33.082121,104.176544,P,Bedding,236,14,1648.457085
5-16-19-15,33.097116,104.123487,D,Bedding,147,50,1856.495415
5-16-19-15,33.097095,104.123562,D,Bedding,142,43,1853.468803
5-16-19-15,33.087636,104.133317,D,Bedding,153,49,1772.551079
5-16-19-15,33.087639,104.133314,D,Bedding,164,43,1774.316704
5-16-19-15,33.087681,104.13335,D,Bedding,150,49,1767.52935
5-17-19-1,32.952558,104.680842,D,Bedding,309,89,1063.800983
5-17-19-1,32.959937,104.677139,Fault,Fault,102,77,1057.695026
5-17-19-1,32.959957,104.677195,Fault,Fault,112,74,1060.247883
5-17-19-1,32.95995,104.677025,Fault,Fault,119,78,1058.665325
5-17-19-1,32.95995,104.677025,Fault,Fault,118,72,1058.665325
5-17-19-1,32.959922,104.677021,Fault,Fault,115,89,1059.222318
5-17-19-1,32.959937,104.677015,Fault,Fault,288,83,1059.137653
5-17-19-1,32.959929,104.67702,Fault,Fault,129,76,1060.892536
5-17-19-1,32.959943,104.677033,Fault,Fault,114,86,1060.276814
5-17-19-1,32.959947,104.677106,Fault,Fault,114,64,1055.265461
5-17-19-1,32.959948,104.677114,Fault,Fault,98,56,1060.250202
5-17-19-1,32.959987,104.677141,Fault,Fault,112,53,1063.665974
5-17-19-1,32.959987,104.677141,Fault,Fault,98,53,1063.665974
5-17-19-1,32.959729,104.677236,Fault,Fault,116,67,1065.241779
5-17-19-1,32.959729,104.677236,Fault,Fault,111,63,1065.241779
5-17-19-1,32.959777,104.677398,Fault,Fault,112,80,1068.987019
5-17-19-1,32.959998,104.677572,Fault,Fault,81,61,1063.950275
5-17-19-1,32.960093,104.677446,Fault,Fault,77,60,1056.361652
5-17-19-1,32.959864,104.677343,Fault,Fault,115,76,1067.836055
5-17-19-1,32.959864,104.677343,Fault,Fault,103,58,1067.836055
5-17-19-1,32.959867,104.677336,Fault,Fault,86,69,1068.469137
5-17-19-1,32.959867,104.677336,Fault,Fault,82,67,1068.469137
5-17-19-1,32.960003,104.677346,Fault,Fault,106,72,1065.949421
5-17-19-1,32.960075,104.677376,Fault,Fault,94,72,1057.979694
5-17-19-1,32.960117,104.677389,Fault,Fault,98,67,1060.336384
5-17-19-1,32.959923,104.677281,D,Bedding,106,64,1058.835527
5-17-19-1,32.959947,104.677283,D,Bedding,106,61,1058.927559
5-17-19-2,32.96401,104.677385,Cam,Foliation,109,87,1117.289997
5-17-19-2,32.963793,104.677294,Cam,Foliation,286,71,1106.80489
5-17-19-2,32.963828,104.677303,Cam,Foliation,293,84,1106.233356
5-17-19-3,32.965489,104.679062,Cam,Bedding,112,65,1104.511677
5-17-19-3,32.965472,104.679103,Cam,Bedding,110,61,1127.285969
5-17-19-3,32.96546,104.678744,Cam,Foliation,96,61,1113.881428
5-17-19-3,32.965558,104.678718,Cam,Foliation,97,74,1117.831623
5-17-19-4,32.968973,104.681841,Cam,Foliation,81,68,1152.347736
5-17-19-4,32.968991,104.681879,Cam,Foliation,89,65,1152.943928
5-17-19-5,32.982502,104.687116,Cam,Foliation,120,81,1368.431477
5-17-19-5,32.982502,104.687116,Cam,Foliation,133,69,1368.431477
5-17-19-5,32.980585,104.686011,Fault,Fault,80,62,1286.846638
5-17-19-5,32.980569,104.685937,Fault,Fault,85,62,1287.153889
5-17-19-5,32.980574,104.685947,Fault,Fault,82,61,1282.543049
5-17-19-5,32.980564,104.685919,Fault,Fault,357,81,1287.144367
5-17-19-5,32.980528,104.685926,Cam,Foliation,127,70,1287.166096
5-17-19-5,32.980548,104.685898,Cam,Foliation,118,64,1286.829914
5-17-19-5,32.98059,104.685903,Cam,Foliation,96,55,1252.726643
5-17-19-6,32.986073,104.69281,Cam,Foliation,139,78,1455.451374
5-17-19-6,32.986103,104.69281,Fault,Fault,60,56,1452.849445
5-17-19-6,32.986103,104.69281,Fault,Fault,52,57,1452.849445
5-17-19-6,32.986122,104.692804,Cam,Foliation,302,87,1453.52718
5-17-19-6,32.986133,104.692797,Cam,Foliation,140,88,1452.447224
5-17-19-7,32.998858,104.696815,Fault,Fault,276,68,1556.196247
5-17-19-7,32.999438,104.696935,Fault,Fault,281,89,1728.45406
5-17-19-7,32.999513,104.696995,Fault,Fault,107,89,1645.688679
5-17-19-7,32.999531,104.696584,Cam,Bedding,269,89,1703.526814
5-17-19-7,32.999518,104.696486,Cam,Bedding,276,82,1698.665974
5-17-19-8,33.001995,104.699932,Fault,Fault,82,86,1698.015617
5-17-19-9,32.933568,104.697158,D,Bedding,153,64,924.92163
5-17-19-9,32.93357,104.697178,D,Bedding,134,87,924.678425
5-17-19-10,32.933605,104.717282,Fault,Fault,129,57,902.149994
5-17-19-10,32.933593,104.717278,Fault,Fault,82,50,901.619945
5-17-19-10,32.933593,104.717278,Fault,Fault,123,42,901.619945
5-17-19-10,32.933603,104.717287,Fault,Fault,131,54,901.713557
5-17-19-10,32.933597,104.717327,Fault,Fault,112,66,902.445124
5-17-19-10,32.933594,104.717361,Fault,Fault,151,53,902.77821
5-17-19-10,32.933652,104.717329,Fault,Fault,126,55,905.983568
5-17-19-10,32.933652,104.717329,Fault,Fault,128,55,905.983568
5-17-19-10,32.933654,104.717323,Fault,Fault,127,54,906.512783
5-17-19-10,32.933685,104.717394,Fault,Fault,154,78,920.6329
5-17-19-10,32.933607,104.717157,Fault,Fault,160,61,915.318829
5-17-19-10,32.933607,104.717135,Fault,Fault,181,82,914.980312
5-17-19-10,32.933646,104.717173,Fault,Fault,153,88,911.753262
5-17-19-10,32.933635,104.717157,Fault,Fault,329,89,912.626064
5-17-19-10,32.933666,104.717127,Fault,Fault,322,89,912.973476
5-17-19-10,32.93366,104.717121,Fault,Fault,313,73,912.665737
5-17-19-10,32.93366,104.717121,Fault,Fault,313,86,912.665737
5-17-19-10,32.933704,104.717256,Fault,Fault,160,74,907.338467
5-17-19-10,32.933705,104.717204,Fault,Fault,145,81,909.825541
5-17-19-10,32.933715,104.717192,Fault,Fault,157,85,908.023281
5-17-19-10,32.933726,104.71718,Fault,Fault,161,78,908.511074
5-17-19-10,32.933722,104.717186,Fault,Fault,152,77,911.651943
5-17-19-10,32.933826,104.717121,Fault,Fault,76,58,918.330776
5-17-19-10,32.933829,104.717144,Fault,Fault,105,64,915.760952
5-17-19-10,32.933899,104.71714,Fault,Fault,110,61,910.728115
5-17-19-10,32.933903,104.717147,Fault,Fault,135,57,917.426601
5-17-19-10,32.933903,104.717147,Fault,Fault,138,60,917.426601
5-17-19-10,32.933731,104.717201,D,Bedding,111,80,893.079922
5-17-19-11,32.928975,104.724294,D,Bedding,97,89,898.200649
5-17-19-11,32.928964,104.724211,Fault,Fault,91,70,901.87875
5-17-19-11,32.929018,104.724346,Fault,Fault,64,79,908.308437
5-17-19-11,32.929069,104.724196,Fault,Fault,97,69,912.11166
5-17-19-11,32.929065,104.724157,Fault,Fault,104,72,912.847012
5-17-19-11,32.929074,104.724106,Fault,Fault,118,82,913.05563
5-17-19-11,32.929074,104.724106,Fault,Fault,114,77,913.05563
5-17-19-11,32.929084,104.724219,D,Bedding,98,78,909.670742
5-17-19-12,32.926665,104.72768,Fault,Fault,101,68,893.809902
5-17-19-12,32.926736,104.727701,Fault,Fault,82,58,908.006924
5-17-19-12,32.926622,104.727581,Fault,Fault,91,76,906.684658
5-17-19-12,32.926622,104.727581,Fault,Fault,92,84,906.684658
5-17-19-12,32.926583,104.727443,Fault,Fault,69,61,905.043789
5-17-19-12,32.926575,104.727423,Fault,Fault,72,62,905.707851
5-17-19-12,32.926568,104.727464,Fault,Fault,66,61,912.454922
5-17-19-12,32.926585,104.72742,Fault,Fault,72,55,917.940029
5-17-19-12,32.926635,104.727435,Fault,Fault,80,73,904.544277
5-17-19-13,32.915136,104.75185,Cam,Foliation,314,44,897.19772
5-17-19-13,32.915136,104.75185,Cam,Foliation,299,77,897.19772
5-17-19-13,32.915156,104.751842,Cam,Foliation,336,87,898.866055
5-17-19-14,32.900233,104.776282,Cam,Foliation,73,65,851.68832
5-17-19-14,32.900221,104.776313,Cam,Foliation,82,64,849.033535
5-17-19-15,32.870272,104.796498,Fault,Fault,271,89,867.747215
5-17-19-15,32.870272,104.796498,Fault,Fault,268,83,867.747215
5-17-19-15,32.870308,104.796492,S,Foliation,74,77,867.873436
5-17-19-15,32.870306,104.796493,S,Foliation,82,80,865.41494
5-17-19-15,32.8705,104.796492,Fault,Fault,31,64,869.76931
5-17-19-15,32.87098,104.79647,Fault,Fault,65,86,877.454565
5-17-19-15,32.870987,104.796443,Fault,Fault,23,80,878.823517
5-17-19-15,32.870974,104.796456,Fault,Fault,44,88,878.218751
5-17-19-15,32.870995,104.796427,Fault,Fault,258,76,879.218723
5-17-19-15,32.871069,104.796221,Fault,Fault,69,89,873.519188
5-17-19-15,32.871073,104.796162,Fault,Fault,43,81,867.237206
5-17-19-15,32.871372,104.796614,Fault,Fault,66,78,869.350411
5-17-19-15,32.871262,104.796497,S,Foliation,86,68,872.728416
5-17-19-15,32.871061,104.796428,Fault,Fault,266,73,874.701683
5-17-19-15,32.871043,104.796413,Fault,Fault,263,83,876.454857
5-17-19-15,32.871038,104.796378,Fault,Fault,265,67,875.551048
5-17-19-15,32.870995,104.796246,Fault,Fault,267,73,869.830223
5-17-19-15,32.87107,104.796367,Fault,Fault,57,73,873.551659
5-17-19-15,32.870691,104.79635,Fault,Fault,83,76,872.313011
5-17-19-15,32.870582,104.796437,Fault,Fault,51,64,871.476219
5-17-19-15,32.870558,104.796272,Fault,Fault,52,56,872.472069
5-17-19-15,32.875388,104.797774,Cam,Foliation,59,81,852.38662
5-17-19-15,32.875395,104.797802,Cam,Foliation,59,77,855.531639
5-17-19-15,32.884159,104.791332,Cam,Foliation,64,44,849.073387
5-17-19-15,32.88465,104.792747,Cam,Foliation,56,59,841.23452
5-17-19-15,32.884676,104.792724,Cam,Foliation,76,69,841.165184
5-17-19-15,32.884688,104.792831,Cam,Foliation,76,60,840.282803
5-17-19-16,32.850261,104.750532,S,Foliation,34,27,1315.713646
5-17-19-16,32.84997,104.750125,S,Foliation,20,29,1313.714989
5-17-19-16,32.849981,104.750111,S,Foliation,6,32,1313.858788
5-17-19-17,32.849728,104.758746,Fault,Fault,1,56,1487.836182
5-17-19-17,32.849734,104.758826,Fault,Fault,12,45,1491.921043
5-17-19-17,32.849648,104.758842,S,Bedding,70,28,1486.17726
5-17-19-17,32.849666,104.758902,S,Bedding,40,40,1484.495804
5-17-19-17,32.849609,104.758733,S,Bedding,61,35,1482.92556
5-17-19-18,32.83565,104.758251,S,Foliation,85,51,1517.611473
5-17-19-18,32.837218,104.758053,S,Foliation,58,44,1515.728783
5-17-19-18,32.837247,104.758012,S,Foliation,77,40,1517.719383
5-17-19-18,32.837263,104.758008,S,Foliation,96,69,1524.135155
5-17-19-18,32.837263,104.758008,S,Foliation,42,45,1524.135155
5-17-19-19,32.821278,104.755981,S,Foliation,93,51,1549.28933
5-17-19-19,32.821436,104.756039,S,Foliation,64,35,1550.310448
5-17-19-19,32.821444,104.75596,S,Foliation,82,45,1551.726219
5-17-19-19,32.828779,104.757527,S,Foliation,63,38,1536.73513
5-17-19-19,32.828774,104.757534,S,Foliation,60,45,1535.731102
5-17-19-20,32.811398,104.757289,S,Foliation,95,34,1676.866356
5-17-19-20,32.811725,104.75715,S,Foliation,101,26,1662.490841
5-17-19-21,32.809526,104.766567,S,Foliation,56,24,1949.3666
5-17-19-21,32.810036,104.766381,S,Foliation,85,28,1944.903709
5-17-19-21,32.810024,104.766401,S,Foliation,70,31,1944.026024
5-17-19-21,32.810018,104.766385,S,Bedding,95,36,1946.232811
5-17-19-21,32.809975,104.766472,S,Bedding,85,34,1950.887108
5-17-19-22,32.808084,104.773847,D,Bedding,93,27,1985.275056
5-17-19-22,32.808074,104.773951,D,Foliation,42,21,1980.794342
5-17-19-22,32.808093,104.773991,D,Bedding,99,40,1981.802391
5-17-19-22,32.808042,104.773976,D,Bedding,75,14,1979.040578
5-17-19-22,32.80807,104.773971,D,Bedding,56,21,1981.070934
5-17-19-22,32.808059,104.77398,D,Bedding,45,30,1980.041548
5-17-19-23,32.803834,104.778011,S,Foliation,91,35,1916.855485
5-17-19-23,32.803821,104.778,S,Foliation,88,33,1915.403273
5-17-19-23,32.803806,104.777953,S,Foliation,119,38,1916.692102
5-17-19-23,32.804118,104.777254,S,Foliation,54,24,1964.430528
5-17-19-23,32.804172,104.777263,S,Foliation,68,33,1966.123609
5-17-19-24,32.79752,104.811551,S,Foliation,48,39,1460.012987
5-17-19-24,32.797498,104.81147,S,Foliation,52,45,1461.617165
5-17-19-24,32.797498,104.811456,S,Foliation,50,45,1462.683532
5-17-19-24,32.797498,104.811456,S,Foliation,41,47,1461.614565
5-17-19-24,32.806819,104.800625,S,Foliation,77,73,1646.065331
5-17-19-24,32.80683,104.800658,S,Foliation,70,72,1642.706688
5-17-19-24,32.806833,104.800664,S,Foliation,68,71,1640.29702
5-17-19-24,32.806369,104.796152,S,Foliation,64,41,1686.892962
5-17-19-24,32.806361,104.796112,S,Foliation,58,41,1686.444203
5-18-19-1,32.783844,104.842635,S,Foliation,78,53,1042.835072
5-18-19-1,32.783889,104.842806,S,Foliation,70,54,1037.306751
5-18-19-1,32.791055,104.831874,S,Foliation,54,47,1078.957386
5-18-19-1,32.791063,104.831788,S,Foliation,57,44,1081.237049
5-18-19-1,32.791176,104.831802,S,Foliation,63,48,1081.675159
5-18-19-2,32.758774,104.88173,S,Foliation,64,70,947.742908
5-18-19-2,32.758774,104.88173,S,Foliation,28,61,947.742908
5-18-19-2,32.758791,104.881754,S,Foliation,25,67,945.523182
5-18-19-2,32.758786,104.881694,S,Foliation,46,62,940.964832
5-18-19-2,32.765461,104.875751,S,Foliation,73,68,961.747181
5-18-19-2,32.765479,104.875764,S,Foliation,88,70,963.004749
5-18-19-2,32.773262,104.861112,S,Foliation,46,55,994.54137
5-18-19-2,32.773237,104.861107,S,Foliation,51,54,995.693958
5-18-19-3,32.742554,104.942508,S,Foliation,87,77,846.492054
5-18-19-3,32.742573,104.942504,S,Foliation,99,76,846.98119
5-18-19-3,32.742573,104.942504,S,Foliation,85,79,846.98119
5-18-19-3,32.743642,104.929678,S,Foliation,86,69,874.74474
5-18-19-3,32.743642,104.929678,S,Foliation,75,64,874.74474
5-18-19-3,32.743642,104.929678,S,Foliation,69,65,874.74474
5-18-19-3,32.747982,104.913455,S,Foliation,81,65,881.140344
5-18-19-3,32.747965,104.913469,S,Foliation,69,63,880.844687
5-18-19-3,32.726694,104.896839,S,Foliation,28,53,969.757191
5-18-19-3,32.726752,104.896832,S,Foliation,29,53,974.455311
5-18-19-3,32.726956,104.896793,S,Foliation,19,63,980.736195
5-18-19-3,32.727192,104.896843,S,Foliation,19,60,974.972767
5-18-19-3,32.73079,104.905891,S,Foliation,62,63,942.476429
5-18-19-3,32.731053,104.905786,S,Foliation,60,63,975.805286
5-18-19-3,32.738147,104.905959,S,Foliation,43,62,904.463245
5-18-19-3,32.738136,104.905962,S,Foliation,46,65,900.480824
5-18-19-3,32.73809,104.906013,S,Foliation,27,63,894.840687
5-18-19-3,32.741273,104.906784,S,Foliation,82,70,891.244251
5-18-19-3,32.741312,104.906795,S,Foliation,72,66,888.409046
5-18-19-3,32.741298,104.906742,S,Foliation,85,75,889.70055
5-18-19-3,32.741278,104.906739,S,Foliation,50,58,889.862415
5-18-19-3,32.747943,104.896231,S,Foliation,25,66,928.919178
5-18-19-3,32.748165,104.896489,S,Foliation,29,66,927.186878
5-18-19-3,32.748167,104.896665,S,Foliation,12,70,928.018177
5-18-19-4,32.691263,104.901655,S,Foliation,62,51,1122.651844
5-18-19-4,32.691666,104.902023,S,Foliation,64,40,1167.307728
5-18-19-4,32.693865,104.899255,S,Foliation,79,63,1040.426624
5-18-19-4,32.693871,104.899238,S,Foliation,60,62,1037.806263
5-18-19-4,32.706009,104.894956,Fault,Fault,108,63,1037.185535
5-18-19-4,32.706016,104.89498,Fault,Fault,104,63,1037.304798
5-18-19-4,32.706767,104.894325,Fault,Fault,105,64,1164.35741
5-18-19-4,32.7067,104.893728,Fault,Fault,105,60,1175.165272
5-18-19-4,32.706065,104.895114,S,Foliation,56,60,1033.553577
5-18-19-4,32.706065,104.895114,S,Foliation,71,57,1033.553577
5-18-19-4,32.715069,104.89621,S,Foliation,60,61,986.352161
5-18-19-4,32.715138,104.896231,S,Foliation,36,61,988.320667
5-18-19-4,32.715115,104.896193,S,Foliation,36,59,990.464954
5-18-19-5,32.75983,105.023723,S,Foliation,82,63,767.88261
5-18-19-5,32.759815,105.023724,S,Foliation,87,65,770.177166
5-18-19-5,32.760393,105.005142,S,Foliation,99,68,833.977261
5-18-19-5,32.760393,105.005142,S,Foliation,94,62,833.977261
5-18-19-5,32.746724,104.975554,S,Foliation,95,79,818.629871
5-18-19-5,32.746707,104.97557,S,Foliation,79,84,816.193348
5-18-19-5,32.741432,104.969005,S,Foliation,103,81,824.148548
5-18-19-5,32.741434,104.969051,S,Foliation,99,80,819.681019
5-18-19-6,32.74704,105.03953,S,Foliation,81,80,772.318768
5-18-19-6,32.747427,105.039032,Fault,Fault,103,72,754.796176
5-18-19-6,32.747433,105.039028,Fault,Fault,111,73,755.165088
5-18-19-6,32.747572,105.038988,Fault,Fault,108,75,760.70573
5-18-19-6,32.747579,105.038978,Fault,Fault,106,80,764.82365
5-18-19-6,32.747511,105.038921,Fault,Fault,108,76,766.631402
5-18-19-6,32.747506,105.038912,Fault,Fault,117,77,765.242228
5-18-19-6,32.747522,105.038919,Fault,Fault,124,82,766.740483
5-18-19-6,32.747574,105.038921,Fault,Fault,121,75,766.29472
5-18-19-6,32.747572,105.038925,Fault,Fault,127,80,767.05241
5-18-19-6,32.747538,105.038896,Fault,Fault,124,77,763.769451
5-18-19-7,32.740203,105.069016,S,Foliation,80,80,724.196453
5-18-19-7,32.740217,105.068999,S,Foliation,80,82,724.258221
5-18-19-7,32.740242,105.069014,S,Foliation,85,82,728.51701
5-18-19-8,32.728619,105.079648,S,Foliation,92,88,790.50407
5-18-19-8,32.728539,105.080038,S,Foliation,289,89,788.041912
5-18-19-8,32.72851,105.080023,S,Foliation,289,87,790.8643
5-18-19-8,32.72848,105.080037,S,Foliation,100,89,785.091839
5-18-19-8,32.732511,105.080713,S,Foliation,122,61,747.887615
5-18-19-8,32.732566,105.080738,S,Foliation,121,69,752.91679
5-18-19-9,32.721906,105.076638,S,Foliation,99,89,782.762859
5-18-19-10,32.718356,105.077285,Fault,Fault,96,84,810.012981
5-18-19-10,32.718369,105.077286,Fault,Fault,89,87,808.350994
5-18-19-10,32.718247,105.077234,S,Foliation,261,87,806.925213
5-18-19-10,32.718136,105.077468,S,Foliation,263,87,811.710125
5-18-19-10,32.718142,105.077431,S,Foliation,265,85,810.364178
5-18-19-11,32.715767,105.077388,S,Foliation,83,87,806.12077
5-18-19-11,32.71585,105.077174,S,Foliation,92,86,814.865032
5-18-19-12,32.71243,105.076954,Pt,Foliation,274,86,838.249187
5-18-19-12,32.713039,105.077484,Pt,Foliation,96,88,842.136639
5-18-19-12,32.712814,105.077063,Pt,Foliation,99,79,834.113201
5-18-19-12,32.713056,105.077605,Fault,Fault,99,86,843.614178
5-18-19-12,32.713061,105.077619,Fault,Fault,94,86,843.133099
5-18-19-12,32.71304,105.077661,Fault,Fault,93,87,844.538738
5-18-19-12,32.713065,105.077668,Fault,Fault,93,84,842.49345
5-18-19-12,32.713028,105.077605,Fault,Fault,83,86,844.391033
5-18-19-12,32.713877,105.077497,S,Foliation,262,83,825.097942
5-18-19-12,32.713859,105.077533,S,Foliation,265,83,826.642376
5-18-19-12,32.713888,105.077601,S,Foliation,262,84,824.081585
5-18-19-13,32.710677,105.075742,Pt,Foliation,261,88,848.695843
5-18-19-13,32.710669,105.075749,Pt,Foliation,265,89,853.380657
5-18-19-14,32.709418,105.074558,Pt,Foliation,241,89,869.715496
5-18-19-14,32.709437,105.074534,Pt,Foliation,241,85,867.919842
5-18-19-14,32.709417,105.074514,Pt,Foliation,55,87,867.635784
5-18-19-14,32.70932,105.074666,Pt,Foliation,241,86,876.076702
5-18-19-14,32.709545,105.074638,Pt,Foliation,238,90,857.097107
5-18-19-14,32.709545,105.074638,Pt,Foliation,70,80,857.097107
5-18-19-15,32.705304,105.074866,Pt,Foliation,243,82,889.303387
5-18-19-15,32.705318,105.074886,Pt,Foliation,95,88,886.503338
5-18-19-16,32.701831,105.074059,Pt,Foliation,107,81,943.300823
5-18-19-16,32.702003,105.074143,Pt,Foliation,80,51,941.913494
5-18-19-16,32.702214,105.074272,Pt,Foliation,88,70,934.035809
5-18-19-17,32.700371,105.074711,Cam,Foliation,104,86,958.866642
5-18-19-17,32.700367,105.074888,Cam,Foliation,105,84,954.856266
5-18-19-17,32.70077,105.074693,Pt,Foliation,101,72,951.72868
5-18-19-17,32.700741,105.074976,Pt,Foliation,80,77,923.012127
5-18-19-17,32.700806,105.074911,Fault,Fault,310,89,964.018719
5-18-19-18,32.694042,105.065102,S,Foliation,96,80,1030.580631
5-18-19-18,32.694046,105.064979,S,Foliation,88,77,1044.679752
5-18-19-18,32.694091,105.064962,S,Foliation,87,79,1018.137272
5-18-19-18,32.693751,105.064573,S,Foliation,112,75,1037.99052
5-18-19-18,32.693722,105.064558,S,Foliation,115,68,1048.551434
5-18-19-18,32.693665,105.064774,S,Foliation,291,70,1023.607752
5-18-19-18,32.693711,105.064686,S,Foliation,298,71,1023.871942
5-18-19-19,32.699601,105.075019,Cam,Foliation,265,83,931.933903
5-18-19-19,32.699515,105.075053,Cam,Foliation,273,84,933.584293
5-18-19-19,32.699078,105.075067,S,Foliation,111,85,933.768864
5-18-19-19,32.699084,105.07509,S,Foliation,100,87,927.963322
5-18-19-19,32.699086,105.074874,Cam,Foliation,271,86,941.612492
5-18-19-20,32.748404,105.220925,Cam,Foliation,82,87,712.129726
5-18-19-20,32.748403,105.220838,Cam,Foliation,85,86,712.466152
5-18-19-20,32.76207,105.181229,Cam,Foliation,84,63,736.924759
5-18-19-20,32.762068,105.181229,Cam,Foliation,84,61,736.133011
5-18-19-20,32.746123,105.177386,S,Foliation,115,73,743.384232
5-18-19-20,32.746123,105.177386,S,Foliation,124,70,743.832718
5-19-19-1,32.776511,105.416422,S,Foliation,81,70,626.971335
5-19-19-1,32.776511,105.41637,S,Foliation,82,78,627.271261
5-19-19-2,32.77098,105.436783,Cam,Foliation,88,85,646.705133
5-19-19-2,32.770976,105.43677,Cam,Foliation,85,89,646.226478
5-19-19-3,32.759619,105.44143,Cam,Foliation,268,83,624.860195
5-19-19-3,32.759835,105.441428,Cam,Foliation,271,84,631.584316
5-19-19-3,32.759794,105.441441,Cam,Foliation,284,86,629.023525
5-19-19-4,32.751906,105.450236,Cam,Foliation,253,81,633.590176
5-19-19-4,32.752084,105.450472,Cam,Foliation,88,83,626.126553
5-19-19-4,32.754335,105.451645,Cam,Foliation,89,89,643.123989
5-19-19-4,32.754352,105.451591,Cam,Foliation,74,83,646.67709
5-19-19-4,32.761079,105.452441,Cam,Foliation,269,75,664.818203
5-19-19-4,32.761032,105.452468,Cam,Foliation,269,71,674.962734
5-19-19-5,32.739024,105.467001,Cam,Foliation,236,81,764.588596
5-19-19-5,32.739076,105.467027,Cam,Foliation,232,85,772.277798
5-19-19-5,32.739065,105.466992,Cam,Foliation,253,80,772.983974
5-19-19-6,32.722461,105.45232,Pt,Foliation,259,67,923.998989
5-19-19-6,32.722427,105.4523,Pt,Foliation,250,88,928.956631
5-19-19-7,32.718118,105.467704,Pt,Foliation,277,60,1026.009389
5-19-19-7,32.71809,105.467897,Pt,Foliation,277,65,1026.098476
5-19-19-8,32.705259,105.460839,Pt,Foliation,230,30,956.044643
5-19-19-8,32.705229,105.460921,Pt,Foliation,220,27,957.928799
5-19-19-8,32.708387,105.463345,Pt,Foliation,223,31,1000.893887
5-19-19-8,32.708276,105.46339,Pt,Foliation,248,31,996.213223
5-19-19-9,32.691337,105.466458,Cam,Foliation,262,65,834.44943
5-19-19-9,32.691337,105.466458,Cam,Foliation,265,70,834.44943
5-19-19-10,32.673799,105.462336,S,Foliation,264,70,619.71127
5-19-19-10,32.673773,105.462356,S,Foliation,247,78,617.759609
5-19-19-11,32.672873,105.456355,K,Bedding,84,13,609.49477
5-19-19-11,32.672891,105.456378,K,Bedding,93,12,610.137625
5-19-19-11,32.672254,105.456476,Fault,Fault,353,56,609.333584
5-19-19-11,32.672256,105.456435,Fault,Fault,357,68,606.479702
5-19-19-12,32.669076,105.445527,Pt,Foliation,53,75,663.101836
5-19-19-12,32.669099,105.445519,Pt,Foliation,69,69,656.874844
5-19-19-13,32.656845,105.420819,Pt,Foliation,62,89,633.773037
5-19-19-13,32.656862,105.420779,Pt,Foliation,230,88,633.612308
5-19-19-13,32.656861,105.420764,Pt,Foliation,35,85,619.841396
5-19-19-14,32.621999,105.351709,Pt,Foliation,236,79,626.450145
5-19-19-14,32.621999,105.351709,Pt,Foliation,235,66,626.450145
5-19-19-14,32.621986,105.351714,Fault,Fault,70,50,624.762976
5-19-19-14,32.621986,105.351714,Fault,Fault,81,64,624.762976
5-19-19-14,32.62198,105.351723,Fault,Fault,42,77,625.087594
5-19-19-14,32.622024,105.351731,Fault,Fault,56,52,624.835877
5-19-19-14,32.622028,105.351724,Fault,Fault,50,73,624.301128
5-19-19-14,32.622003,105.351728,Fault,Fault,64,68,623.853
5-19-19-14,32.622003,105.351731,Fault,Fault,88,76,623.742174
5-19-19-14,32.622039,105.35173,Fault,Fault,78,72,623.379726
5-19-19-14,32.622048,105.351714,Fault,Fault,86,71,630.167439
5-19-19-14,32.62205,105.351728,Fault,Fault,75,37,632.28416
5-19-19-14,32.62205,105.351728,Fault,Fault,90,67,632.28416
5-19-19-14,32.622048,105.351717,Fault,Fault,89,62,632.042522
5-19-19-14,32.62204,105.351696,Fault,Fault,41,78,632.166074
5-19-19-14,32.622025,105.351635,Fault,Foliation,78,66,635.68124
5-19-19-15,32.614533,105.341892,S,Foliation,271,81,623.450405
5-19-19-15,32.614534,105.341892,S,Foliation,269,86,629.279385
5-19-19-15,32.61455,105.341897,S,Foliation,257,85,626.448818
5-19-19-15,32.614553,105.341915,S,Foliation,91,84,619.705166
5-19-19-16,32.612566,105.327379,Fault,Fault,56,71,627.572919
5-19-19-16,32.612626,105.327422,Pt,Foliation,117,55,626.327129
5-19-19-16,32.612617,105.327392,Pt,Foliation,112,71,627.169198
5-19-19-16,32.612635,105.327383,Pt,Foliation,115,72,627.420137
5-19-19-16,32.6126,105.327375,Fault,Fault,11,89,630.863613
5-19-19-16,32.612549,105.327364,Fault,Fault,42,75,630.066616
5-19-19-16,32.612559,105.327398,Fault,Fault,32,83,625.651701
5-19-19-16,32.612571,105.327397,Fault,Fault,37,77,619.505537
5-19-19-17,32.609671,105.306441,Fault,Fault,294,76,678.56039
5-19-19-17,32.609582,105.306269,Pt,Foliation,270,32,681.713522
5-19-19-17,32.609626,105.306271,Pt,Foliation,233,35,681.656962
5-19-19-17,32.609641,105.306274,Pt,Foliation,259,44,682.338592
5-19-19-17,32.609629,105.30625,Fault,Fault,265,69,684.567269
5-19-19-17,32.6096,105.306292,Fault,Fault,279,35,685.305774
5-19-19-17,32.609605,105.306286,Fault,Fault,276,66,688.056714
5-19-19-17,32.609598,105.306289,Fault,Fault,279,54,684.118071
5-19-19-17,32.609598,105.306288,Fault,Fault,280,58,685.189733
5-19-19-17,32.609621,105.306312,Fault,Fault,282,67,682.855423
5-19-19-17,32.609621,105.306312,Fault,Fault,313,68,682.855423
5-19-19-17,32.6096,105.30634,Fault,Fault,283,58,684.793898
5-19-19-17,32.609611,105.306338,Fault,Fault,257,38,681.451983
5-19-19-17,32.609617,105.306416,Fault,Fault,261,84,683.068694
5-19-19-17,32.609615,105.306424,Fault,Fault,274,55,681.631845
5-19-19-17,32.609615,105.306424,Fault,Fault,284,69,681.631845
5-19-19-17,32.609612,105.306452,Fault,Fault,294,70,683.166784
5-19-19-17,32.609612,105.306452,Fault,Fault,288,58,683.166784
5-19-19-17,32.609612,105.306452,Fault,Fault,293,68,683.166784
5-19-19-17,32.609642,105.30646,Fault,Fault,298,69,667.774258
5-19-19-17,32.609531,105.306409,Pt,Foliation,296,54,678.551081
5-19-19-18,32.602111,105.277508,Fault,Fault,114,82,773.460459
5-19-19-18,32.602127,105.277506,Fault,Fault,90,73,772.928516
5-19-19-18,32.602054,105.277532,Pt,Foliation,107,88,773.425756
5-19-19-19,32.602443,105.229304,Pt,Foliation,277,29,833.552212
5-19-19-19,32.602431,105.229312,Pt,Foliation,269,6,832.241055
5-19-19-19,32.601266,105.23089,Pt,Foliation,76,16,831.87289
5-19-19-19,32.601278,105.230858,Pt,Foliation,81,33,831.085293
5-19-19-20,32.605763,105.229658,Pt,Foliation,283,31,842.869228
5-19-19-20,32.605761,105.229684,Pt,Foliation,307,45,845.657803
5-19-19-20,32.605251,105.229042,Pt,Foliation,286,47,840.746914
5-19-19-21,32.607267,105.229627,Pt,Foliation,305,89,854.963467
5-19-19-21,32.60733,105.229564,Pt,Foliation,293,86,848.325771
5-19-19-21,32.607025,105.229582,Pt,Foliation,295,83,836.488491
5-19-19-22,32.610933,105.227847,Pt,Foliation,280,55,852.926846
5-19-19-22,32.610953,105.227853,Pt,Foliation,285,63,853.040005
5-19-19-23,32.613948,105.22628,Cam,Foliation,292,61,899.752041
5-19-19-23,32.613717,105.226725,Pt,Foliation,275,62,877.546352
5-19-19-23,32.613715,105.226646,Pt,Foliation,292,68,863.830532
5-19-19-23,32.612743,105.227349,Cam,Foliation,283,72,848.108852
5-19-19-23,32.612719,105.22731,Cam,Foliation,296,78,861.623013
5-19-19-24,32.617068,105.228172,Cam,Foliation,303,63,900.129971
5-19-19-24,32.617093,105.228214,Cam,Foliation,298,63,898.019375
5-19-19-24,32.61532,105.227776,Cam,Foliation,278,61,879.209805
5-19-19-24,32.615236,105.227596,Cam,Foliation,281,66,877.207119
5-19-19-24,32.615298,105.227576,Cam,Foliation,307,65,865.73019
5-19-19-25,32.623582,105.22948,Cam,Foliation,253,62,904.473843
5-19-19-25,32.623612,105.229672,Cam,Foliation,260,67,908.660366
5-19-19-25,32.622002,105.229376,Cam,Foliation,273,69,892.922207
5-19-19-25,32.621998,105.229375,Cam,Foliation,253,65,898.15414
5-19-19-26,32.626633,105.228907,Cam,Foliation,258,67,953.418056
5-19-19-26,32.625668,105.229185,Cam,Foliation,273,68,909.92123
5-19-19-26,32.625604,105.229167,Cam,Foliation,274,68,934.446377
5-20-19-2,32.596419,105.22084,Pt,Foliation,277,89,815.385952
5-20-19-2,32.596428,105.220921,Pt,Foliation,288,86,816.561367
5-20-19-2,32.596251,105.221679,Pt,Foliation,271,72,815.210659
5-20-19-2,32.595922,105.221606,Pt,Foliation,285,81,822.152065
5-20-19-2,32.595819,105.221784,Pt,Foliation,274,79,823.140957
5-20-19-2,32.595835,105.221799,Pt,Foliation,266,87,822.403408
5-20-19-2,32.595868,105.221871,Pt,Foliation,81,78,820.910488
5-20-19-4,32.602858,105.213976,Pt,Foliation,302,89,830.009665
5-20-19-5,32.606297,105.21269,Pt,Bedding,258,46,849.063686
5-20-19-5,32.605965,105.213249,Fault,Fault,164,82,834.26498
5-20-19-5,32.605964,105.213245,Fault,Fault,342,84,834.396938
5-20-19-5,32.605854,105.213365,Pt,Foliation,281,89,834.800625
5-20-19-5,32.605896,105.213232,Fault,Fault,149,89,831.527676
5-20-19-5,32.605873,105.213242,Fault,Fault,328,87,832.073086
5-20-19-5,32.605875,105.213239,Fault,Fault,328,89,834.431118
5-20-19-5,32.605932,105.213248,Fault,Fault,157,79,840.712734
5-20-19-5,32.605932,105.213296,Fault,Fault,150,78,844.50375
5-20-19-5,32.605937,105.213363,Fault,Fault,171,76,846.141689
5-20-19-5,32.605961,105.213466,Fault,Fault,157,85,844.581875
5-20-19-5,32.605914,105.213474,Pt,Foliation,283,89,850.185146
5-20-19-6,32.608721,105.212513,Fault,Fault,136,84,846.26376
5-20-19-6,32.608721,105.212513,Fault,Fault,140,78,846.26376
5-20-19-6,32.608667,105.212472,Pt,Foliation,274,60,841.430996
5-20-19-6,32.608621,105.212455,Fault,Fault,323,89,839.81918
5-20-19-6,32.608652,105.212392,Pt,Foliation,303,79,834.987026
5-20-19-6,32.60844,105.212596,Fault,Fault,171,88,857.913174
5-20-19-6,32.608438,105.212639,Fault,Fault,353,86,865.407803
5-20-19-6,32.608401,105.212502,Pt,Foliation,263,89,846.268642
5-20-19-7,32.612871,105.208411,Cam,Foliation,267,85,865.221523
5-20-19-7,32.612871,105.208411,Cam,Foliation,272,85,865.221523
5-20-19-7,32.611603,105.209755,Cam,Foliation,234,88,878.616421
5-20-19-7,32.610941,105.209947,Cam,Foliation,240,72,856.461269
5-20-19-7,32.611142,105.209936,Cam,Foliation,244,72,857.712978
5-20-19-7,32.611198,105.209881,Cam,Foliation,248,68,865.063931
5-20-19-8,32.61543,105.207414,Cam,Foliation,256,56,883.647549
5-20-19-8,32.615495,105.20731,Cam,Foliation,254,56,888.140469
5-20-19-8,32.614954,105.207409,Cam,Foliation,267,65,876.765347
5-20-19-9,32.621033,105.204611,Cam,Foliation,272,70,874.495108
5-20-19-10,32.624492,105.203936,Cam,Foliation,239,69,889.801723
5-20-19-10,32.624407,105.203894,Cam,Foliation,249,65,893.778408
5-20-19-11,32.63059,105.200039,Cam,Foliation,260,79,896.70248
5-20-19-11,32.630596,105.200099,Cam,Foliation,262,71,899.615322
5-20-19-11,32.628494,105.202565,Cam,Foliation,249,56,896.336758
5-20-19-12,32.635277,105.196352,Cam,Foliation,250,86,901.948086
5-20-19-12,32.635308,105.196396,Cam,Foliation,253,89,906.403652
5-20-19-12,32.633966,105.197533,Cam,Foliation,60,89,934.751308
5-20-19-12,32.634028,105.197507,Cam,Foliation,236,86,960.401455
5-20-19-13,32.637657,105.194202,Cam,Foliation,255,89,923.324917
5-20-19-13,32.637715,105.194364,Cam,Foliation,254,84,932.994228
5-20-19-13,32.637708,105.19438,Cam,Foliation,270,73,932.869839
5-20-19-13,32.637062,105.194807,Cam,Foliation,230,87,916.814053
5-20-19-14,32.641142,105.189372,Cam,Foliation,239,85,917.652676
5-20-19-14,32.641219,105.189381,Cam,Foliation,226,84,915.678555
5-20-19-14,32.640504,105.191672,Cam,Foliation,241,80,924.886684
5-20-19-14,32.639209,105.192664,Cam,Foliation,240,81,919.989101
5-20-19-14,32.639145,105.19285,Cam,Foliation,270,82,932.614346
5-20-19-15,32.640303,105.179946,Cam,Foliation,82,84,962.993252
5-20-19-15,32.640214,105.180003,Cam,Foliation,90,84,960.063808
5-20-19-16,32.641075,105.174253,Cam,Foliation,80,88,977.543953
5-20-19-16,32.640518,105.17455,Cam,Foliation,70,70,943.702969
5-20-19-16,32.640969,105.174216,Fault,Fault,244,79,979.315193
5-20-19-17,32.639586,105.168712,Cam,Foliation,61,57,989.55323
5-20-19-17,32.639586,105.168712,Cam,Foliation,62,64,989.55323
5-20-19-17,32.638921,105.167976,Cam,Foliation,84,70,979.278572
5-20-19-17,32.639601,105.170276,Cam,Foliation,63,41,978.290066
5-20-19-18,32.646198,105.173976,Cam,Foliation,82,76,1041.876961
5-20-19-18,32.646198,105.173976,Cam,Foliation,73,81,1041.876961
5-20-19-19,32.650769,105.184269,Cam,Foliation,250,88,1145.093636
5-20-19-19,32.649761,105.182184,Cam,Foliation,64,89,1148.781058
5-20-19-19,32.649775,105.182158,Cam,Foliation,253,89,1148.926186
5-20-19-19,32.649775,105.182158,Cam,Foliation,256,86,1148.926186
5-20-19-19,32.649847,105.182132,Fault,Fault,223,79,1146.474251
5-20-19-19,32.649835,105.182131,Fault,Fault,208,73,1149.438484
5-20-19-19,32.649566,105.179011,Fault,Fault,85,86,1118.198494
5-20-19-19,32.649525,105.178914,Fault,Fault,129,86,1109.981087
5-20-19-19,32.649489,105.178874,Fault,Fault,114,82,1103.906868
5-20-19-20,32.656,105.192717,Cam,Foliation,102,69,1278.907403
5-20-19-20,32.655993,105.192726,Cam,Foliation,96,79,1277.564679
5-20-19-20,32.655957,105.192758,Cam,Foliation,86,77,1275.587943
5-20-19-20,32.655026,105.189761,Cam,Foliation,104,85,1244.26296
5-20-19-20,32.655017,105.189772,Cam,Foliation,95,80,1240.980996
5-20-19-20,32.654757,105.189257,Cam,Foliation,81,81,1234.860789
5-20-19-20,32.65476,105.189264,Fault,Fault,114,78,1229.726934
5-20-19-20,32.65477,105.189227,Fault,Fault,110,83,1229.319297
5-20-19-20,32.652981,105.187666,Cam,Foliation,71,80,1221.984138
5-20-19-20,32.652989,105.187666,Cam,Foliation,74,77,1221.425423
5-20-19-20,32.653184,105.187143,Cam,Foliation,234,87,1207.528328
5-20-19-20,32.653396,105.186829,Cam,Foliation,242,85,1200.726814
5-20-19-22,32.553361,105.07628,S,Foliation,87,89,868.924561
5-20-19-22,32.553178,105.076178,S,Foliation,102,81,867.962036
5-20-19-22,32.553173,105.076144,S,Foliation,289,89,869.309814
5-20-19-22,32.553117,105.076117,Fault,Fault,79,70,868.714355
5-20-19-22,32.551933,105.076201,Fault,Fault,65,84,870.294434
5-20-19-22,32.551948,105.076271,Fault,Fault,65,76,872.840332
5-20-19-22,32.551814,105.076502,S,Foliation,255,62,871.023315
5-20-19-22,32.551134,105.07648,Fault,Fault,224,62,865.188599
5-20-19-22,32.551086,105.076417,Pt,Foliation,282,87,861.399658
5-20-19-22,32.551156,105.076499,Pt,Foliation,289,81,861.956177
5-20-19-22,32.551177,105.076334,S,Foliation,272,85,868.282471
5-20-19-22,32.550818,105.076521,Pt,Bedding,73,89,857.179199
5-20-19-22,32.550741,105.07641,Pt,Bedding,67,82,857.904541
5-20-19-22,32.550757,105.076422,Pt,Bedding,78,84,859.108887
5-20-19-22,32.550736,105.076365,Pt,Bedding,245,85,860.898682
5-20-19-23,32.556184,105.075962,Pt,Foliation,217,67,878.222412
5-20-19-23,32.556116,105.076019,Pt,Foliation,220,66,879.109863
5-20-19-23,32.556122,105.075955,Pt,Foliation,228,78,885.428955
5-20-19-24,32.561483,105.077782,Pt,Foliation,260,71,895.993164
5-20-19-24,32.561262,105.077924,Fault,Fault,2,77,882.522339
5-20-19-24,32.561187,105.078018,Pt,Foliation,257,76,898.883911
5-20-19-24,32.560733,105.077925,Pt,Foliation,281,46,881.41527
5-20-19-25,32.563498,105.076138,Pt,Foliation,265,65,897.013428
5-20-19-25,32.56297,105.0764,S,Foliation,254,66,887.086182
5-20-19-25,32.562952,105.076399,S,Foliation,262,73,882.400391
5-20-19-25,32.562992,105.076379,S,Foliation,237,80,887.354736
5-20-19-26,32.56716,105.074839,Pt,Foliation,243,75,923.430176
5-20-19-27,32.574184,105.073496,Pt,Foliation,246,69,950.640137
5-20-19-27,32.574111,105.073521,Pt,Foliation,263,69,951.487427
5-20-19-28,32.580922,105.069453,Pt,Foliation,273,83,982.610596
5-20-19-28,32.579861,105.070231,Pt,Foliation,269,89,967.643188
5-20-19-28,32.579675,105.070249,Pt,Foliation,262,89,929.73901
5-20-19-28,32.579675,105.070249,Pt,Foliation,63,89,929.73901
5-20-19-29,32.584718,105.072018,Pt,Foliation,250,83,968.969971
5-20-19-29,32.584484,105.072061,Pt,Foliation,265,77,964.800171
5-20-19-30,32.589303,105.071235,Pt,Foliation,275,88,984.91626
5-20-19-30,32.588903,105.071587,Pt,Foliation,265,86,980.741455
5-20-19-31,32.59489,105.068045,Pt,Foliation,286,80,1027.902832
5-20-19-31,32.592876,105.067861,Pt,Foliation,271,81,1050.962158
5-20-19-31,32.593095,105.067778,Pt,Foliation,291,89,1041.322144
5-20-19-32,32.598599,105.066912,Pt,Foliation,269,88,1083.414673
5-20-19-32,32.598602,105.067068,Pt,Foliation,270,89,1086.752808
5-20-19-32,32.59859,105.066962,Pt,Foliation,273,87,1051.650391
5-20-19-32,32.596891,105.067533,Pt,Foliation,282,83,1021.665283
5-20-19-32,32.596797,105.067546,Pt,Foliation,271,84,1025.608154
5-21-19-1,32.535325,104.986672,S,Foliation,84,88,861.737766
5-21-19-1,32.53425,104.98729,Fault,Fault,313,87,854.889376
5-21-19-1,32.534156,104.987323,Fault,Fault,139,83,864.561863
5-21-19-1,32.53407,104.987176,Fault,Fault,125,75,870.282444
5-21-19-1,32.534023,104.987178,S,Foliation,232,67,868.850193
5-21-19-1,32.533327,104.98726,S,Foliation,239,82,867.112156
5-21-19-1,32.533213,104.987118,S,Foliation,248,88,894.276829
5-21-19-2,32.539549,104.984344,Pt,Foliation,248,56,880.199192
5-21-19-2,32.539118,104.984684,Pt,Foliation,228,56,868.159519
5-21-19-2,32.538554,104.98506,Pt,Foliation,215,54,870.003561
5-21-19-2,32.538568,104.985058,Pt,Foliation,209,56,869.078567
5-21-19-2,32.538604,104.984966,Pt,Foliation,236,57,869.157605
5-21-19-2,32.538602,104.984971,Fault,Fault,295,88,876.196262
5-21-19-3,32.542155,104.980223,Pt,Foliation,238,59,854.995579
5-21-19-3,32.542167,104.98037,Pt,Foliation,232,59,845.934055
5-21-19-3,32.542063,104.980343,Fault,Fault,310,87,863.00449
5-21-19-3,32.542057,104.98035,Fault,Fault,296,83,868.709202
5-21-19-3,32.542348,104.981021,Pt,Foliation,218,61,838.3447
5-21-19-3,32.541931,104.980941,Pt,Foliation,227,61,844.384129
5-21-19-3,32.541896,104.98093,Pt,Foliation,202,57,846.061741
5-21-19-4,32.544374,104.977155,Pt,Foliation,227,55,895.579929
5-21-19-4,32.544046,104.977672,Pt,Foliation,242,62,889.286839
5-21-19-5,32.547492,104.971092,Pt,Foliation,244,69,921.983128
5-21-19-5,32.547521,104.971123,Pt,Foliation,257,70,908.22971
5-21-19-6,32.551952,104.965551,Pt,Foliation,249,78,962.27219
5-21-19-6,32.551966,104.96561,Pt,Foliation,248,77,963.631077
5-21-19-7,32.557388,104.957809,Pt,Foliation,247,24,989.777073
5-21-19-8,32.559038,104.942404,Pt,Foliation,255,88,1037.70261
5-21-19-8,32.55911,104.942435,Pt,Foliation,83,86,1037.60471
5-21-19-8,32.559233,104.942354,Pt,Foliation,266,72,1031.525364
5-21-19-9,32.530301,105.042965,S,Foliation,250,75,876.705603
5-21-19-9,32.530234,105.043131,S,Foliation,266,77,876.266057
5-21-19-10,32.507161,105.072405,S,Foliation,236,82,768.180481
5-21-19-10,32.507162,105.072306,S,Foliation,217,75,768.365305
5-21-19-10,32.507175,105.072291,S,Foliation,235,77,768.692561
5-21-19-10,32.523874,105.063064,S,Foliation,282,76,817.734741
5-21-19-10,32.523921,105.063064,S,Foliation,276,71,804.947876
5-21-19-11,32.458143,105.080838,S,Foliation,9,36,701.240222
5-21-19-11,32.458198,105.081023,S,Foliation,248,56,703.12533
5-21-19-11,32.458224,105.081099,S,Foliation,31,41,703.293179
5-21-19-11,32.468809,105.071294,S,Foliation,247,40,702.674648
5-21-19-11,32.468797,105.071329,S,Foliation,251,38,706.079556
5-21-19-11,32.487805,105.079573,S,Foliation,258,60,734.3997
5-21-19-11,32.487831,105.079613,S,Foliation,267,63,734.199914
5-21-19-12,32.420044,105.118462,Cam,Foliation,218,31,692.64607
5-21-19-12,32.435211,105.104783,Cam,Foliation,234,40,709.309292
5-21-19-12,32.43517,105.104804,Cam,Foliation,230,38,709.220547
5-21-19-12,32.435171,105.104804,Cam,Foliation,221,47,704.325826
5-21-19-12,32.444587,105.096771,S,Foliation,255,39,698.635723
5-21-19-12,32.44456,105.096806,S,Foliation,246,31,699.005842
